,DATETIME,TEMPERATURE,HUMIDITY
0,2015-01-01,20.333333333333332,83.20833333333333
1,2015-01-02,23.041666666666668,76.20833333333333
2,2015-01-03,24.375,76.75
3,2015-01-04,23.916666666666668,68.25
4,2015-01-05,21.25,51.375
5,2015-01-06,19.791666666666668,49.833333333333336
6,2015-01-07,19.333333333333332,47.333333333333336
7,2015-01-08,19.875,44.5
8,2015-01-09,19.666666666666668,50.166666666666664
9,2015-01-10,19.375,46.083333333333336
10,2015-01-11,18.291666666666668,36.916666666666664
11,2015-01-12,18.458333333333332,30.791666666666668
12,2015-01-13,19.25,33.75
13,2015-01-14,20.166666666666668,46.041666666666664
14,2015-01-15,21.166666666666668,44.625
15,2015-01-16,21.791666666666668,46.666666666666664
16,2015-01-17,21.166666666666668,34.875
17,2015-01-18,19.416666666666668,34.333333333333336
18,2015-01-19,18.416666666666668,39.875
19,2015-01-20,19.416666666666668,39.166666666666664
20,2015-01-21,19.541666666666668,30.958333333333332
21,2015-01-22,20.666666666666668,33.916666666666664
22,2015-01-23,21.25,37.0
23,2015-01-24,22.625,43.541666666666664
24,2015-01-25,22.291666666666668,47.875
25,2015-01-26,21.708333333333332,41.291666666666664
26,2015-01-27,22.833333333333332,46.125
27,2015-01-28,23.375,54.375
28,2015-01-29,23.041666666666668,55.666666666666664
29,2015-01-30,21.416666666666668,48.583333333333336
30,2015-01-31,19.333333333333332,35.416666666666664
31,2015-02-01,19.458333333333332,31.208333333333332
32,2015-02-02,20.5,32.416666666666664
33,2015-02-03,22.375,30.166666666666668
34,2015-02-04,23.458333333333332,33.375
35,2015-02-05,24.666666666666668,39.375
36,2015-02-06,23.0,34.875
37,2015-02-07,21.5,27.125
38,2015-02-08,23.416666666666668,34.541666666666664
39,2015-02-09,23.458333333333332,41.833333333333336
40,2015-02-10,24.083333333333332,43.958333333333336
41,2015-02-11,23.75,34.208333333333336
42,2015-02-12,23.041666666666668,32.583333333333336
43,2015-02-13,23.25,43.291666666666664
44,2015-02-14,23.333333333333332,40.708333333333336
45,2015-02-15,24.541666666666668,53.875
46,2015-02-16,24.875,58.375
47,2015-02-17,25.0,58.75
48,2015-02-18,25.416666666666668,67.33333333333333
49,2015-02-19,26.083333333333332,62.708333333333336
50,2015-02-20,25.708333333333332,55.875
51,2015-02-21,26.0,47.541666666666664
52,2015-02-22,26.541666666666668,44.583333333333336
53,2015-02-23,26.583333333333332,52.208333333333336
54,2015-02-24,26.958333333333332,49.541666666666664
55,2015-02-25,27.208333333333332,48.5
56,2015-02-26,27.166666666666668,59.041666666666664
57,2015-02-27,27.083333333333332,57.708333333333336
58,2015-02-28,27.25,55.083333333333336
59,2015-03-01,27.083333333333332,48.875
60,2015-03-02,27.25,45.875
61,2015-03-03,26.666666666666668,50.5
62,2015-03-04,26.291666666666668,57.5
63,2015-03-05,25.041666666666668,35.25
64,2015-03-06,24.208333333333332,31.166666666666668
65,2015-03-07,24.541666666666668,28.166666666666668
66,2015-03-08,25.416666666666668,30.916666666666668
67,2015-03-09,27.208333333333332,27.708333333333332
68,2015-03-10,24.291666666666668,38.291666666666664
69,2015-03-11,27.666666666666668,47.625
70,2015-03-12,27.375,45.125
71,2015-03-13,27.041666666666668,42.708333333333336
72,2015-03-14,27.166666666666668,41.125
73,2015-03-15,27.5,42.375
74,2015-03-16,27.166666666666668,43.75
75,2015-03-17,27.708333333333332,47.75
76,2015-03-18,28.166666666666668,49.625
77,2015-03-19,26.291666666666668,44.375
78,2015-03-20,27.375,35.583333333333336
79,2015-03-21,28.291666666666668,34.666666666666664
80,2015-03-22,28.041666666666668,36.208333333333336
81,2015-03-23,29.416666666666668,40.291666666666664
82,2015-03-24,28.916666666666668,58.458333333333336
83,2015-03-25,29.208333333333332,59.958333333333336
84,2015-03-26,29.125,61.833333333333336
85,2015-03-27,29.625,59.166666666666664
86,2015-03-28,29.75,58.958333333333336
87,2015-03-29,29.291666666666668,62.875
88,2015-03-30,29.666666666666668,63.375
89,2015-03-31,29.791666666666668,44.666666666666664
90,2015-04-01,30.125,55.625
91,2015-04-02,31.083333333333332,56.166666666666664
92,2015-04-03,31.916666666666668,48.333333333333336
93,2015-04-04,31.583333333333332,61.666666666666664
94,2015-04-05,30.041666666666668,71.25
95,2015-04-06,28.75,75.45833333333333
96,2015-04-07,29.708333333333332,67.70833333333333
97,2015-04-08,30.208333333333332,64.70833333333333
98,2015-04-09,31.541666666666668,45.083333333333336
99,2015-04-10,31.166666666666668,51.916666666666664
100,2015-04-11,31.416666666666668,56.625
101,2015-04-12,30.375,54.25
102,2015-04-13,31.75,53.166666666666664
103,2015-04-14,31.666666666666668,52.083333333333336
104,2015-04-15,31.791666666666668,53.0
105,2015-04-16,32.208333333333336,41.541666666666664
106,2015-04-17,31.666666666666668,45.583333333333336
107,2015-04-18,32.125,49.583333333333336
108,2015-04-19,31.916666666666668,59.083333333333336
109,2015-04-20,31.958333333333332,60.458333333333336
110,2015-04-21,33.166666666666664,55.416666666666664
111,2015-04-22,32.708333333333336,61.958333333333336
112,2015-04-23,33.5,48.0
113,2015-04-24,30.583333333333332,61.0
114,2015-04-25,28.625,63.375
115,2015-04-26,28.125,62.958333333333336
116,2015-04-27,29.416666666666668,59.416666666666664
117,2015-04-28,32.5,56.958333333333336
118,2015-04-29,30.25,66.625
119,2015-04-30,29.916666666666668,71.66666666666667
120,2015-05-01,31.625,65.04166666666667
121,2015-05-02,30.541666666666668,71.04166666666667
122,2015-05-03,31.75,65.0
123,2015-05-04,32.541666666666664,58.125
124,2015-05-05,32.5,56.416666666666664
125,2015-05-06,33.333333333333336,53.125
126,2015-05-07,33.041666666666664,56.083333333333336
127,2015-05-08,32.958333333333336,58.833333333333336
128,2015-05-09,31.791666666666668,69.20833333333333
129,2015-05-10,33.458333333333336,59.75
130,2015-05-11,32.875,63.125
131,2015-05-12,34.333333333333336,49.208333333333336
132,2015-05-13,33.5,56.291666666666664
133,2015-05-14,33.75,57.708333333333336
134,2015-05-15,34.083333333333336,52.833333333333336
135,2015-05-16,32.833333333333336,58.333333333333336
136,2015-05-17,30.375,65.875
137,2015-05-18,32.416666666666664,56.625
138,2015-05-19,32.0,59.875
139,2015-05-20,33.541666666666664,56.458333333333336
140,2015-05-21,35.541666666666664,51.416666666666664
141,2015-05-22,34.208333333333336,60.875
142,2015-05-23,33.958333333333336,65.45833333333333
143,2015-05-24,33.5,66.5
144,2015-05-25,32.75,68.08333333333333
145,2015-05-26,31.958333333333332,68.54166666666667
146,2015-05-27,32.25,66.75
147,2015-05-28,32.833333333333336,64.41666666666667
148,2015-05-29,33.0,62.166666666666664
149,2015-05-30,33.083333333333336,61.208333333333336
150,2015-05-31,32.833333333333336,61.125
151,2015-06-01,33.208333333333336,61.208333333333336
152,2015-06-02,33.083333333333336,59.5
153,2015-06-03,32.916666666666664,58.708333333333336
154,2015-06-04,32.875,60.625
155,2015-06-05,33.625,55.333333333333336
156,2015-06-06,33.333333333333336,59.333333333333336
157,2015-06-07,33.416666666666664,59.041666666666664
158,2015-06-08,33.791666666666664,57.166666666666664
159,2015-06-09,34.125,60.458333333333336
160,2015-06-10,34.916666666666664,56.75
161,2015-06-11,33.791666666666664,65.20833333333333
162,2015-06-12,32.666666666666664,59.666666666666664
163,2015-06-13,31.833333333333332,61.75
164,2015-06-14,31.5,63.791666666666664
165,2015-06-15,30.958333333333332,66.33333333333333
166,2015-06-16,29.041666666666668,75.54166666666667
167,2015-06-17,31.541666666666668,65.58333333333333
168,2015-06-18,31.833333333333332,61.666666666666664
169,2015-06-19,32.0,61.708333333333336
170,2015-06-20,31.875,64.08333333333333
171,2015-06-21,30.208333333333332,70.83333333333333
172,2015-06-22,30.375,70.95833333333333
173,2015-06-23,30.791666666666668,70.79166666666667
174,2015-06-24,30.833333333333332,69.83333333333333
175,2015-06-25,29.625,76.20833333333333
176,2015-06-26,29.041666666666668,76.41666666666667
177,2015-06-27,29.0,71.08333333333333
178,2015-06-28,30.875,67.33333333333333
179,2015-06-29,31.166666666666668,66.0
180,2015-06-30,31.125,66.91666666666667
181,2015-07-01,31.458333333333332,64.04166666666667
182,2015-07-02,31.708333333333332,66.125
183,2015-07-03,32.416666666666664,64.16666666666667
184,2015-07-04,33.0,63.541666666666664
185,2015-07-05,31.625,69.70833333333333
186,2015-07-06,30.625,73.29166666666667
187,2015-07-07,29.791666666666668,77.04166666666667
188,2015-07-08,28.833333333333332,80.16666666666667
189,2015-07-09,28.625,83.625
190,2015-07-10,29.25,78.66666666666667
191,2015-07-11,30.375,72.29166666666667
192,2015-07-12,30.708333333333332,70.58333333333333
193,2015-07-13,31.541666666666668,71.08333333333333
194,2015-07-14,32.041666666666664,71.08333333333333
195,2015-07-15,31.791666666666668,72.41666666666667
196,2015-07-16,30.416666666666668,77.75
197,2015-07-17,30.291666666666668,75.04166666666667
198,2015-07-18,29.291666666666668,76.0
199,2015-07-19,29.166666666666668,76.41666666666667
200,2015-07-20,27.708333333333332,84.625
201,2015-07-21,29.666666666666668,72.79166666666667
202,2015-07-22,30.333333333333332,71.29166666666667
203,2015-07-23,30.083333333333332,72.5
204,2015-07-24,30.5,69.04166666666667
205,2015-07-25,27.458333333333332,86.54166666666667
206,2015-07-26,28.166666666666668,79.91666666666667
207,2015-07-27,25.958333333333332,90.91666666666667
208,2015-07-28,27.166666666666668,86.08333333333333
209,2015-07-29,28.958333333333332,78.45833333333333
210,2015-07-30,29.0,79.875
211,2015-07-31,26.541666666666668,87.29166666666667
212,2015-08-01,26.791666666666668,89.20833333333333
213,2015-08-02,27.291666666666668,85.20833333333333
214,2015-08-03,29.375,75.875
215,2015-08-04,29.958333333333332,74.70833333333333
216,2015-08-05,30.166666666666668,73.83333333333333
217,2015-08-06,30.375,69.79166666666667
218,2015-08-07,30.208333333333332,70.5
219,2015-08-08,30.083333333333332,72.33333333333333
220,2015-08-09,30.0,73.5
221,2015-08-10,30.833333333333332,73.66666666666667
222,2015-08-11,30.791666666666668,70.75
223,2015-08-12,30.416666666666668,76.875
224,2015-08-13,29.875,77.375
225,2015-08-14,29.916666666666668,76.83333333333333
226,2015-08-15,30.041666666666668,76.125
227,2015-08-16,30.666666666666668,74.20833333333333
228,2015-08-17,30.333333333333332,72.33333333333333
229,2015-08-18,29.583333333333332,78.33333333333333
230,2015-08-19,30.083333333333332,75.25
231,2015-08-20,30.375,74.5
232,2015-08-21,30.5,71.25
233,2015-08-22,30.791666666666668,66.75
234,2015-08-23,30.916666666666668,68.33333333333333
235,2015-08-24,30.875,69.91666666666667
236,2015-08-25,30.375,75.04166666666667
237,2015-08-26,30.166666666666668,75.5
238,2015-08-27,29.166666666666668,81.29166666666667
239,2015-08-28,29.208333333333332,81.16666666666667
240,2015-08-29,29.583333333333332,79.91666666666667
241,2015-08-30,29.666666666666668,79.91666666666667
242,2015-08-31,29.958333333333332,80.83333333333333
243,2015-09-01,28.541666666666668,83.29166666666667
244,2015-09-02,30.666666666666668,69.625
245,2015-09-03,30.291666666666668,70.08333333333333
246,2015-09-04,30.916666666666668,68.20833333333333
247,2015-09-05,28.416666666666668,83.91666666666667
248,2015-09-06,28.208333333333332,84.29166666666667
249,2015-09-07,32.25,55.208333333333336
250,2015-09-08,31.958333333333332,52.541666666666664
251,2015-09-09,31.833333333333332,51.208333333333336
252,2015-09-10,31.333333333333332,58.25
253,2015-09-11,29.875,73.58333333333333
254,2015-09-12,29.708333333333332,75.375
255,2015-09-13,30.208333333333332,71.625
256,2015-09-14,29.666666666666668,73.5
257,2015-09-15,29.291666666666668,78.66666666666667
258,2015-09-16,29.875,75.91666666666667
259,2015-09-17,28.416666666666668,83.70833333333333
260,2015-09-18,28.166666666666668,84.16666666666667
261,2015-09-19,28.25,83.83333333333333
262,2015-09-20,27.958333333333332,85.58333333333333
263,2015-09-21,29.166666666666668,77.25
264,2015-09-22,29.208333333333332,78.58333333333333
265,2015-09-23,27.458333333333332,84.33333333333333
266,2015-09-24,29.583333333333332,72.20833333333333
267,2015-09-25,29.708333333333332,60.541666666666664
268,2015-09-26,29.791666666666668,60.666666666666664
269,2015-09-27,29.208333333333332,60.208333333333336
270,2015-09-28,29.166666666666668,61.416666666666664
271,2015-09-29,29.583333333333332,60.541666666666664
272,2015-09-30,30.291666666666668,59.416666666666664
273,2015-10-01,31.0,63.708333333333336
274,2015-10-02,29.708333333333332,72.875
275,2015-10-03,30.125,69.33333333333333
276,2015-10-04,30.208333333333332,66.70833333333333
277,2015-10-05,30.0,60.208333333333336
278,2015-10-06,29.833333333333332,65.29166666666667
279,2015-10-07,28.541666666666668,76.29166666666667
280,2015-10-08,28.291666666666668,80.16666666666667
281,2015-10-09,29.041666666666668,68.875
282,2015-10-10,28.541666666666668,60.0
283,2015-10-11,28.541666666666668,57.125
284,2015-10-12,27.5,69.66666666666667
285,2015-10-13,26.791666666666668,76.66666666666667
286,2015-10-14,26.416666666666668,78.45833333333333
287,2015-10-15,26.75,77.83333333333333
288,2015-10-16,27.208333333333332,77.5
289,2015-10-17,27.375,72.08333333333333
290,2015-10-18,27.875,65.95833333333333
291,2015-10-19,27.666666666666668,64.29166666666667
292,2015-10-20,27.916666666666668,63.875
293,2015-10-21,28.0,62.75
294,2015-10-22,28.083333333333332,60.791666666666664
295,2015-10-23,28.5,53.041666666666664
296,2015-10-24,27.375,59.083333333333336
297,2015-10-25,26.375,51.166666666666664
298,2015-10-26,25.583333333333332,52.833333333333336
299,2015-10-27,25.791666666666668,52.916666666666664
300,2015-10-28,25.666666666666668,53.083333333333336
301,2015-10-29,26.416666666666668,53.958333333333336
302,2015-10-30,25.541666666666668,66.375
303,2015-10-31,25.291666666666668,70.66666666666667
304,2015-11-01,25.25,71.41666666666667
305,2015-11-02,25.625,71.375
306,2015-11-03,26.375,68.625
307,2015-11-04,26.666666666666668,63.958333333333336
308,2015-11-05,26.666666666666668,57.708333333333336
309,2015-11-06,26.583333333333332,57.125
310,2015-11-07,26.208333333333332,47.541666666666664
311,2015-11-08,26.333333333333332,46.75
312,2015-11-09,25.416666666666668,46.416666666666664
313,2015-11-10,25.916666666666668,45.833333333333336
314,2015-11-11,25.583333333333332,53.208333333333336
315,2015-11-12,25.458333333333332,44.708333333333336
316,2015-11-13,25.208333333333332,48.375
317,2015-11-14,25.083333333333332,47.5
318,2015-11-15,25.166666666666668,54.291666666666664
319,2015-11-16,25.375,49.541666666666664
320,2015-11-17,25.125,59.375
321,2015-11-18,24.708333333333332,64.58333333333333
322,2015-11-19,24.416666666666668,56.791666666666664
323,2015-11-20,25.0,51.0
324,2015-11-21,24.875,49.625
325,2015-11-22,24.666666666666668,45.333333333333336
326,2015-11-23,24.625,44.458333333333336
327,2015-11-24,24.333333333333332,45.625
328,2015-11-25,24.333333333333332,48.583333333333336
329,2015-11-26,24.458333333333332,50.875
330,2015-11-27,24.0,50.291666666666664
331,2015-11-28,24.833333333333332,56.583333333333336
332,2015-11-29,24.791666666666668,52.083333333333336
333,2015-11-30,25.25,49.541666666666664
334,2015-12-01,26.333333333333332,47.416666666666664
335,2015-12-02,25.625,47.0
336,2015-12-03,26.708333333333332,45.333333333333336
337,2015-12-04,26.5,42.041666666666664
338,2015-12-05,25.791666666666668,52.5
339,2015-12-06,24.458333333333332,63.666666666666664
340,2015-12-07,24.375,64.0
341,2015-12-08,23.625,55.208333333333336
342,2015-12-09,23.75,50.375
343,2015-12-10,23.541666666666668,49.041666666666664
344,2015-12-11,24.583333333333332,53.333333333333336
345,2015-12-12,25.416666666666668,60.916666666666664
346,2015-12-13,25.5,56.791666666666664
347,2015-12-14,25.0,48.541666666666664
348,2015-12-15,23.5,45.958333333333336
349,2015-12-16,21.416666666666668,42.541666666666664
350,2015-12-17,21.666666666666668,38.958333333333336
351,2015-12-18,20.041666666666668,52.875
352,2015-12-19,20.291666666666668,53.125
353,2015-12-20,20.25,50.333333333333336
354,2015-12-21,20.958333333333332,39.458333333333336
355,2015-12-22,21.75,45.0
356,2015-12-23,21.916666666666668,43.083333333333336
357,2015-12-24,21.541666666666668,46.458333333333336
358,2015-12-25,21.25,47.208333333333336
359,2015-12-26,19.375,29.75
360,2015-12-27,19.208333333333332,24.333333333333332
361,2015-12-28,20.166666666666668,32.791666666666664
362,2015-12-29,20.083333333333332,48.458333333333336
363,2015-12-30,21.375,36.291666666666664
364,2015-12-31,22.0,36.333333333333336
365,2016-01-01,21.75,40.166666666666664
366,2016-01-02,21.958333333333332,38.208333333333336
367,2016-01-03,21.708333333333332,41.458333333333336
368,2016-01-04,19.958333333333332,49.666666666666664
369,2016-01-05,21.791666666666668,38.208333333333336
370,2016-01-06,21.291666666666668,41.166666666666664
371,2016-01-07,22.125,37.166666666666664
372,2016-01-08,23.0,40.041666666666664
373,2016-01-09,23.5,34.75
374,2016-01-10,22.5,38.25
375,2016-01-11,20.875,34.958333333333336
376,2016-01-12,20.333333333333332,36.833333333333336
377,2016-01-13,20.541666666666668,40.958333333333336
378,2016-01-14,21.583333333333332,37.791666666666664
379,2016-01-15,22.083333333333332,49.708333333333336
380,2016-01-16,23.375,41.791666666666664
381,2016-01-17,22.708333333333332,36.791666666666664
382,2016-01-18,22.416666666666668,42.958333333333336
383,2016-01-19,23.0,51.0
384,2016-01-20,22.708333333333332,63.75
385,2016-01-21,20.375,55.625
386,2016-01-22,18.75,39.041666666666664
387,2016-01-23,18.416666666666668,40.541666666666664
388,2016-01-24,17.625,31.791666666666668
389,2016-01-25,18.541666666666668,36.791666666666664
390,2016-01-26,19.166666666666668,33.208333333333336
391,2016-01-27,20.75,52.583333333333336
392,2016-01-28,22.375,57.416666666666664
393,2016-01-29,22.5,44.958333333333336
394,2016-01-30,22.708333333333332,50.25
395,2016-01-31,24.291666666666668,59.833333333333336
396,2016-02-01,24.833333333333332,49.125
397,2016-02-02,24.958333333333332,56.458333333333336
398,2016-02-03,25.041666666666668,47.208333333333336
399,2016-02-04,23.5,38.208333333333336
400,2016-02-05,21.791666666666668,35.791666666666664
401,2016-02-06,22.541666666666668,36.5
402,2016-02-07,23.375,40.083333333333336
403,2016-02-08,23.916666666666668,61.958333333333336
404,2016-02-09,24.958333333333332,53.25
405,2016-02-10,24.416666666666668,46.75
406,2016-02-11,25.666666666666668,55.583333333333336
407,2016-02-12,26.333333333333332,55.958333333333336
408,2016-02-13,26.541666666666668,50.958333333333336
409,2016-02-14,26.0,66.0
410,2016-02-15,26.791666666666668,59.5
411,2016-02-16,27.666666666666668,44.125
412,2016-02-17,27.791666666666668,39.75
413,2016-02-18,28.041666666666668,40.958333333333336
414,2016-02-19,28.916666666666668,40.958333333333336
415,2016-02-20,29.458333333333332,35.625
416,2016-02-21,30.0,41.958333333333336
417,2016-02-22,29.041666666666668,40.625
418,2016-02-23,28.125,46.208333333333336
419,2016-02-24,26.291666666666668,66.5
420,2016-02-25,26.416666666666668,69.16666666666667
421,2016-02-26,25.5,72.375
422,2016-02-27,26.208333333333332,65.08333333333333
423,2016-02-28,27.166666666666668,58.666666666666664
424,2016-02-29,27.125,51.875
425,2016-03-01,26.916666666666668,54.166666666666664
426,2016-03-02,27.166666666666668,56.333333333333336
427,2016-03-03,27.833333333333332,55.0
428,2016-03-04,27.666666666666668,46.75
429,2016-03-05,28.625,51.291666666666664
430,2016-03-06,29.0,44.083333333333336
431,2016-03-07,28.708333333333332,35.333333333333336
432,2016-03-08,29.125,39.0
433,2016-03-09,30.083333333333332,40.458333333333336
434,2016-03-10,29.958333333333332,47.708333333333336
435,2016-03-11,29.958333333333332,49.5
436,2016-03-12,30.166666666666668,44.125
437,2016-03-13,29.375,40.791666666666664
438,2016-03-14,28.333333333333332,38.916666666666664
439,2016-03-15,28.333333333333332,46.958333333333336
440,2016-03-16,28.541666666666668,45.375
441,2016-03-17,28.375,35.375
442,2016-03-18,28.583333333333332,52.875
443,2016-03-19,29.833333333333332,62.75
444,2016-03-20,30.0,65.66666666666667
445,2016-03-21,30.333333333333332,58.5
446,2016-03-22,30.0,50.833333333333336
447,2016-03-23,29.208333333333332,46.166666666666664
448,2016-03-24,28.791666666666668,49.875
449,2016-03-25,29.375,52.041666666666664
450,2016-03-26,29.875,59.041666666666664
451,2016-03-27,30.25,66.16666666666667
452,2016-03-28,30.416666666666668,61.333333333333336
453,2016-03-29,30.083333333333332,64.125
454,2016-03-30,30.125,64.125
455,2016-03-31,30.25,66.45833333333333
456,2016-04-01,29.708333333333332,70.20833333333333
457,2016-04-02,29.916666666666668,70.125
458,2016-04-03,29.25,76.33333333333333
459,2016-04-04,31.291666666666668,66.0
460,2016-04-05,32.041666666666664,62.708333333333336
461,2016-04-06,33.708333333333336,48.666666666666664
462,2016-04-07,33.916666666666664,42.416666666666664
463,2016-04-08,33.166666666666664,46.416666666666664
464,2016-04-09,34.083333333333336,43.291666666666664
465,2016-04-10,35.25,38.125
466,2016-04-11,35.583333333333336,34.416666666666664
467,2016-04-12,35.958333333333336,28.791666666666668
468,2016-04-13,32.041666666666664,51.708333333333336
469,2016-04-14,31.666666666666668,52.083333333333336
470,2016-04-15,31.708333333333332,53.5
471,2016-04-16,31.625,56.25
472,2016-04-17,32.208333333333336,55.458333333333336
473,2016-04-18,32.333333333333336,56.375
474,2016-04-19,32.375,57.833333333333336
475,2016-04-20,32.166666666666664,56.0
476,2016-04-21,33.25,58.5
477,2016-04-22,33.75,57.916666666666664
478,2016-04-23,34.375,56.0
479,2016-04-24,34.708333333333336,44.541666666666664
480,2016-04-25,32.75,63.833333333333336
481,2016-04-26,32.916666666666664,60.875
482,2016-04-27,33.833333333333336,58.916666666666664
483,2016-04-28,34.291666666666664,55.5
484,2016-04-29,34.166666666666664,56.375
485,2016-04-30,34.166666666666664,49.416666666666664
486,2016-05-01,34.625,46.833333333333336
487,2016-05-02,33.833333333333336,55.75
488,2016-05-03,32.75,63.291666666666664
489,2016-05-04,32.208333333333336,60.666666666666664
490,2016-05-05,32.625,52.666666666666664
491,2016-05-06,32.833333333333336,53.291666666666664
492,2016-05-07,32.791666666666664,57.041666666666664
493,2016-05-08,32.5,56.375
494,2016-05-09,32.833333333333336,53.083333333333336
495,2016-05-10,33.208333333333336,54.541666666666664
496,2016-05-11,33.75,47.75
497,2016-05-12,33.666666666666664,50.875
498,2016-05-13,33.666666666666664,60.791666666666664
499,2016-05-14,33.208333333333336,63.625
500,2016-05-15,33.5,60.291666666666664
501,2016-05-16,33.125,58.166666666666664
502,2016-05-17,32.541666666666664,62.791666666666664
503,2016-05-18,32.625,60.875
504,2016-05-19,32.916666666666664,61.375
505,2016-05-20,32.625,62.041666666666664
506,2016-05-21,32.625,62.291666666666664
507,2016-05-22,32.458333333333336,63.666666666666664
508,2016-05-23,32.875,66.20833333333333
509,2016-05-24,32.875,61.666666666666664
510,2016-05-25,33.0,59.5
511,2016-05-26,35.166666666666664,47.458333333333336
512,2016-05-27,31.791666666666668,62.291666666666664
513,2016-05-28,29.166666666666668,81.58333333333333
514,2016-05-29,32.625,60.333333333333336
515,2016-05-30,31.5,62.458333333333336
516,2016-05-31,33.583333333333336,59.833333333333336
517,2016-06-01,32.666666666666664,64.375
518,2016-06-02,31.708333333333332,62.791666666666664
519,2016-06-03,31.583333333333332,62.583333333333336
520,2016-06-04,31.333333333333332,64.125
521,2016-06-05,31.416666666666668,63.958333333333336
522,2016-06-06,31.375,66.58333333333333
523,2016-06-07,31.666666666666668,64.625
524,2016-06-08,31.416666666666668,65.25
525,2016-06-09,31.791666666666668,65.04166666666667
526,2016-06-10,35.25,51.5
527,2016-06-11,35.958333333333336,51.291666666666664
528,2016-06-12,34.083333333333336,62.083333333333336
529,2016-06-13,33.125,63.583333333333336
530,2016-06-14,31.833333333333332,66.95833333333333
531,2016-06-15,35.708333333333336,50.625
532,2016-06-16,32.333333333333336,64.0
533,2016-06-17,31.291666666666668,66.125
534,2016-06-18,31.166666666666668,66.0
535,2016-06-19,31.041666666666668,65.25
536,2016-06-20,31.166666666666668,64.29166666666667
537,2016-06-21,31.25,65.79166666666667
538,2016-06-22,31.625,62.541666666666664
539,2016-06-23,31.833333333333332,63.5
540,2016-06-24,32.25,61.375
541,2016-06-25,32.875,57.958333333333336
542,2016-06-26,32.958333333333336,56.75
543,2016-06-27,31.875,63.208333333333336
544,2016-06-28,31.958333333333332,66.08333333333333
545,2016-06-29,31.958333333333332,66.0
546,2016-06-30,31.708333333333332,66.45833333333333
547,2016-07-01,31.541666666666668,69.625
548,2016-07-02,31.666666666666668,68.75
549,2016-07-03,30.166666666666668,73.95833333333333
550,2016-07-04,30.583333333333332,71.83333333333333
551,2016-07-05,30.416666666666668,72.45833333333333
552,2016-07-06,30.708333333333332,69.66666666666667
553,2016-07-07,32.125,65.0
554,2016-07-08,30.875,69.875
555,2016-07-09,30.541666666666668,71.16666666666667
556,2016-07-10,30.666666666666668,66.58333333333333
557,2016-07-11,31.083333333333332,67.08333333333333
558,2016-07-12,30.708333333333332,70.08333333333333
559,2016-07-13,31.833333333333332,63.791666666666664
560,2016-07-14,32.041666666666664,63.125
561,2016-07-15,31.25,67.75
562,2016-07-16,30.333333333333332,70.04166666666667
563,2016-07-17,31.125,66.08333333333333
564,2016-07-18,30.125,77.25
565,2016-07-19,29.583333333333332,79.375
566,2016-07-20,29.208333333333332,82.08333333333333
567,2016-07-21,29.125,81.70833333333333
568,2016-07-22,29.125,81.20833333333333
569,2016-07-23,29.375,79.41666666666667
570,2016-07-24,29.25,80.08333333333333
571,2016-07-25,28.791666666666668,83.58333333333333
572,2016-07-26,29.0,81.70833333333333
573,2016-07-27,28.625,82.875
574,2016-07-28,30.75,66.04166666666667
575,2016-07-29,31.166666666666668,65.58333333333333
576,2016-07-30,30.75,68.66666666666667
577,2016-07-31,30.958333333333332,67.20833333333333
578,2016-08-01,30.125,70.83333333333333
579,2016-08-02,29.625,75.41666666666667
580,2016-08-03,29.916666666666668,76.91666666666667
581,2016-08-04,30.0,73.875
582,2016-08-05,30.333333333333332,73.95833333333333
583,2016-08-06,29.541666666666668,74.875
584,2016-08-07,29.458333333333332,73.70833333333333
585,2016-08-08,29.375,76.125
586,2016-08-09,29.166666666666668,80.16666666666667
587,2016-08-10,27.041666666666668,87.45833333333333
588,2016-08-11,29.083333333333332,80.75
589,2016-08-12,29.708333333333332,79.0
590,2016-08-13,30.541666666666668,71.66666666666667
591,2016-08-14,30.541666666666668,74.91666666666667
592,2016-08-15,30.458333333333332,74.04166666666667
593,2016-08-16,30.541666666666668,73.79166666666667
594,2016-08-17,27.541666666666668,87.29166666666667
595,2016-08-18,28.708333333333332,81.875
596,2016-08-19,29.625,73.83333333333333
597,2016-08-20,30.5,67.125
598,2016-08-21,26.875,85.04166666666667
599,2016-08-22,27.291666666666668,83.5
600,2016-08-23,28.958333333333332,75.125
601,2016-08-24,29.666666666666668,75.5
602,2016-08-25,30.25,75.375
603,2016-08-26,29.958333333333332,76.70833333333333
604,2016-08-27,30.041666666666668,75.08333333333333
605,2016-08-28,30.041666666666668,73.5
606,2016-08-29,30.041666666666668,73.04166666666667
607,2016-08-30,29.416666666666668,78.04166666666667
608,2016-08-31,31.291666666666668,69.0
609,2016-09-01,29.041666666666668,79.79166666666667
610,2016-09-02,30.125,75.70833333333333
611,2016-09-03,29.75,78.16666666666667
612,2016-09-04,29.666666666666668,80.16666666666667
613,2016-09-05,29.166666666666668,83.16666666666667
614,2016-09-06,28.0,88.04166666666667
615,2016-09-07,28.083333333333332,85.83333333333333
616,2016-09-08,28.458333333333332,85.08333333333333
617,2016-09-09,28.458333333333332,83.54166666666667
618,2016-09-10,28.625,79.91666666666667
619,2016-09-11,28.75,78.875
620,2016-09-12,28.583333333333332,80.41666666666667
621,2016-09-13,28.541666666666668,81.25
622,2016-09-14,28.416666666666668,81.54166666666667
623,2016-09-15,28.583333333333332,79.41666666666667
624,2016-09-16,28.833333333333332,80.0
625,2016-09-17,28.75,79.25
626,2016-09-18,28.666666666666668,79.58333333333333
627,2016-09-19,28.958333333333332,79.33333333333333
628,2016-09-20,29.041666666666668,78.66666666666667
629,2016-09-21,29.083333333333332,77.5
630,2016-09-22,28.958333333333332,75.08333333333333
631,2016-09-23,28.5,79.20833333333333
632,2016-09-24,28.5,78.91666666666667
633,2016-09-25,28.625,79.91666666666667
634,2016-09-26,28.583333333333332,81.625
635,2016-09-27,28.791666666666668,79.75
636,2016-09-28,28.416666666666668,81.75
637,2016-09-29,28.291666666666668,80.41666666666667
638,2016-09-30,28.458333333333332,79.75
639,2016-10-01,28.541666666666668,79.95833333333333
640,2016-10-02,28.541666666666668,78.04166666666667
641,2016-10-03,29.041666666666668,75.41666666666667
642,2016-10-04,29.291666666666668,71.875
643,2016-10-05,29.625,73.45833333333333
644,2016-10-06,28.75,78.33333333333333
645,2016-10-07,28.208333333333332,81.5
646,2016-10-08,28.166666666666668,80.5
647,2016-10-09,28.208333333333332,78.75
648,2016-10-10,28.166666666666668,81.0
649,2016-10-11,28.208333333333332,81.33333333333333
650,2016-10-12,27.666666666666668,77.25
651,2016-10-13,26.25,61.333333333333336
652,2016-10-14,26.166666666666668,59.875
653,2016-10-15,25.875,58.458333333333336
654,2016-10-16,26.541666666666668,63.416666666666664
655,2016-10-17,27.333333333333332,69.41666666666667
656,2016-10-18,28.583333333333332,68.29166666666667
657,2016-10-19,27.416666666666668,67.25
658,2016-10-20,27.125,62.458333333333336
659,2016-10-21,26.583333333333332,56.666666666666664
660,2016-10-22,26.583333333333332,57.333333333333336
661,2016-10-23,26.291666666666668,57.0
662,2016-10-24,26.166666666666668,57.125
663,2016-10-25,26.5,62.875
664,2016-10-26,27.5,65.58333333333333
665,2016-10-27,26.916666666666668,79.16666666666667
666,2016-10-28,26.708333333333332,76.04166666666667
667,2016-10-29,26.416666666666668,74.54166666666667
668,2016-10-30,26.291666666666668,74.58333333333333
669,2016-10-31,26.541666666666668,78.375
670,2016-11-01,26.541666666666668,69.875
671,2016-11-02,27.125,68.16666666666667
672,2016-11-03,27.166666666666668,76.79166666666667
673,2016-11-04,24.208333333333332,91.125
674,2016-11-05,22.25,93.33333333333333
675,2016-11-06,23.875,76.91666666666667
676,2016-11-07,23.708333333333332,64.5
677,2016-11-08,23.25,53.5
678,2016-11-09,22.916666666666668,48.5
679,2016-11-10,23.458333333333332,48.708333333333336
680,2016-11-11,24.0,54.916666666666664
681,2016-11-12,24.333333333333332,59.875
682,2016-11-13,24.458333333333332,58.333333333333336
683,2016-11-14,24.25,60.75
684,2016-11-15,23.583333333333332,53.458333333333336
685,2016-11-16,22.958333333333332,48.666666666666664
686,2016-11-17,21.625,44.875
687,2016-11-18,21.75,44.291666666666664
688,2016-11-19,21.916666666666668,45.625
689,2016-11-20,22.041666666666668,45.875
690,2016-11-21,22.291666666666668,49.333333333333336
691,2016-11-22,22.458333333333332,51.041666666666664
692,2016-11-23,22.458333333333332,50.541666666666664
693,2016-11-24,22.708333333333332,45.75
694,2016-11-25,22.25,45.458333333333336
695,2016-11-26,22.833333333333332,45.666666666666664
696,2016-11-27,23.166666666666668,45.166666666666664
697,2016-11-28,23.5,51.5
698,2016-11-29,24.208333333333332,56.083333333333336
699,2016-11-30,24.166666666666668,56.083333333333336
700,2016-12-01,24.416666666666668,55.583333333333336
701,2016-12-02,24.583333333333332,55.666666666666664
702,2016-12-03,24.458333333333332,53.625
703,2016-12-04,23.791666666666668,52.25
704,2016-12-05,22.5,48.833333333333336
705,2016-12-06,22.333333333333332,48.0
706,2016-12-07,22.166666666666668,47.166666666666664
707,2016-12-08,21.958333333333332,46.666666666666664
708,2016-12-09,21.333333333333332,43.166666666666664
709,2016-12-10,20.375,41.333333333333336
710,2016-12-11,20.375,37.708333333333336
711,2016-12-12,20.833333333333332,34.125
712,2016-12-13,20.416666666666668,39.083333333333336
713,2016-12-14,19.958333333333332,38.583333333333336
714,2016-12-15,19.916666666666668,36.916666666666664
715,2016-12-16,19.958333333333332,35.458333333333336
716,2016-12-17,20.583333333333332,42.0
717,2016-12-18,20.625,45.125
718,2016-12-19,20.791666666666668,45.125
719,2016-12-20,21.083333333333332,48.041666666666664
720,2016-12-21,20.166666666666668,41.833333333333336
721,2016-12-22,20.791666666666668,45.291666666666664
722,2016-12-23,21.791666666666668,49.916666666666664
723,2016-12-24,22.416666666666668,47.75
724,2016-12-25,22.666666666666668,52.041666666666664
725,2016-12-26,22.916666666666668,48.5
726,2016-12-27,22.166666666666668,47.208333333333336
727,2016-12-28,20.875,54.041666666666664
728,2016-12-29,20.833333333333332,48.583333333333336
729,2016-12-30,20.916666666666668,45.666666666666664
730,2016-12-31,21.25,50.083333333333336
731,2017-01-01,21.916666666666668,49.708333333333336
732,2017-01-02,22.0,45.166666666666664
733,2017-01-03,21.958333333333332,44.375
734,2017-01-04,21.208333333333332,48.583333333333336
735,2017-01-05,20.541666666666668,42.208333333333336
736,2017-01-06,19.958333333333332,38.25
737,2017-01-07,19.583333333333332,38.833333333333336
738,2017-01-08,20.916666666666668,37.666666666666664
739,2017-01-09,21.208333333333332,39.916666666666664
740,2017-01-10,20.625,49.125
741,2017-01-11,20.458333333333332,50.791666666666664
742,2017-01-12,19.291666666666668,44.708333333333336
743,2017-01-13,17.875,38.708333333333336
744,2017-01-14,17.375,32.583333333333336
745,2017-01-15,17.208333333333332,32.666666666666664
746,2017-01-16,18.25,32.666666666666664
747,2017-01-17,20.125,32.375
748,2017-01-18,20.916666666666668,34.041666666666664
749,2017-01-19,21.0,34.916666666666664
750,2017-01-20,21.041666666666668,33.666666666666664
751,2017-01-21,20.958333333333332,31.541666666666668
752,2017-01-22,20.458333333333332,32.625
753,2017-01-23,20.708333333333332,33.375
754,2017-01-24,21.875,40.666666666666664
755,2017-01-25,21.791666666666668,45.875
756,2017-01-26,22.833333333333332,41.083333333333336
757,2017-01-27,22.083333333333332,41.125
758,2017-01-28,22.375,43.0
759,2017-01-29,20.666666666666668,45.875
760,2017-01-30,20.25,49.041666666666664
761,2017-01-31,20.833333333333332,42.0
762,2017-02-01,21.5,37.375
763,2017-02-02,21.333333333333332,41.0
764,2017-02-03,21.083333333333332,40.166666666666664
765,2017-02-04,21.875,46.208333333333336
766,2017-02-05,22.541666666666668,44.208333333333336
767,2017-02-06,23.041666666666668,38.25
768,2017-02-07,22.833333333333332,40.875
769,2017-02-08,21.875,34.416666666666664
770,2017-02-09,21.25,34.208333333333336
771,2017-02-10,22.666666666666668,28.333333333333332
772,2017-02-11,23.583333333333332,33.291666666666664
773,2017-02-12,24.041666666666668,38.208333333333336
774,2017-02-13,24.416666666666668,38.125
775,2017-02-14,24.875,41.333333333333336
776,2017-02-15,24.333333333333332,37.875
777,2017-02-16,23.958333333333332,35.625
778,2017-02-17,24.458333333333332,44.208333333333336
779,2017-02-18,25.416666666666668,48.958333333333336
780,2017-02-19,25.625,57.416666666666664
781,2017-02-20,25.583333333333332,64.29166666666667
782,2017-02-21,26.833333333333332,65.16666666666667
783,2017-02-22,26.75,70.33333333333333
784,2017-02-23,25.833333333333332,47.833333333333336
785,2017-02-24,23.75,24.416666666666668
786,2017-02-25,22.166666666666668,23.208333333333332
787,2017-02-26,22.75,26.375
788,2017-02-27,23.25,39.75
789,2017-02-28,23.5,29.375
790,2017-03-01,23.958333333333332,29.041666666666668
791,2017-03-02,25.625,50.625
792,2017-03-03,27.0,51.625
793,2017-03-04,26.333333333333332,60.666666666666664
794,2017-03-05,26.75,71.25
795,2017-03-06,26.416666666666668,53.291666666666664
796,2017-03-07,26.458333333333332,48.375
797,2017-03-08,23.208333333333332,76.0
798,2017-03-09,24.583333333333332,73.125
799,2017-03-10,27.25,67.70833333333333
800,2017-03-11,26.916666666666668,66.70833333333333
801,2017-03-12,25.083333333333332,54.583333333333336
802,2017-03-13,23.5,40.25
803,2017-03-14,23.166666666666668,34.0
804,2017-03-15,23.416666666666668,32.5
805,2017-03-16,23.166666666666668,35.125
806,2017-03-17,25.25,43.833333333333336
807,2017-03-18,26.416666666666668,50.583333333333336
808,2017-03-19,26.833333333333332,48.208333333333336
809,2017-03-20,24.458333333333332,56.333333333333336
810,2017-03-21,24.75,52.708333333333336
811,2017-03-22,26.083333333333332,65.79166666666667
812,2017-03-23,27.375,67.875
813,2017-03-24,28.291666666666668,66.08333333333333
814,2017-03-25,29.333333333333332,65.70833333333333
815,2017-03-26,28.583333333333332,72.83333333333333
816,2017-03-27,29.291666666666668,66.58333333333333
817,2017-03-28,29.333333333333332,67.95833333333333
818,2017-03-29,29.875,67.41666666666667
819,2017-03-30,30.416666666666668,66.375
820,2017-03-31,29.708333333333332,69.83333333333333
821,2017-04-01,29.5,72.16666666666667
822,2017-04-02,30.625,66.95833333333333
823,2017-04-03,31.416666666666668,60.875
824,2017-04-04,30.75,66.875
825,2017-04-05,28.958333333333332,73.875
826,2017-04-06,27.916666666666668,81.5
827,2017-04-07,30.208333333333332,71.5
828,2017-04-08,31.041666666666668,69.58333333333333
829,2017-04-09,31.083333333333332,68.0
830,2017-04-10,30.791666666666668,63.791666666666664
831,2017-04-11,30.208333333333332,41.208333333333336
832,2017-04-12,30.0,54.208333333333336
833,2017-04-13,30.166666666666668,58.333333333333336
834,2017-04-14,29.916666666666668,57.833333333333336
835,2017-04-15,29.791666666666668,62.416666666666664
836,2017-04-16,29.75,61.875
837,2017-04-17,30.5,55.916666666666664
838,2017-04-18,30.583333333333332,63.416666666666664
839,2017-04-19,30.791666666666668,67.66666666666667
840,2017-04-20,30.458333333333332,70.5
841,2017-04-21,30.875,70.20833333333333
842,2017-04-22,30.958333333333332,70.5
843,2017-04-23,30.041666666666668,76.66666666666667
844,2017-04-24,30.5,72.5
845,2017-04-25,32.375,62.625
846,2017-04-26,32.708333333333336,55.583333333333336
847,2017-04-27,32.0,63.125
848,2017-04-28,32.0,64.20833333333333
849,2017-04-29,31.958333333333332,63.291666666666664
850,2017-04-30,32.0,62.708333333333336
851,2017-05-01,31.375,63.291666666666664
852,2017-05-02,31.041666666666668,60.083333333333336
853,2017-05-03,31.958333333333332,60.75
854,2017-05-04,32.208333333333336,61.708333333333336
855,2017-05-05,32.75,58.916666666666664
856,2017-05-06,32.625,61.375
857,2017-05-07,32.791666666666664,60.333333333333336
858,2017-05-08,32.041666666666664,63.375
859,2017-05-09,31.75,64.29166666666667
860,2017-05-10,31.791666666666668,61.791666666666664
861,2017-05-11,32.833333333333336,58.208333333333336
862,2017-05-12,32.958333333333336,55.708333333333336
863,2017-05-13,32.791666666666664,59.166666666666664
864,2017-05-14,33.291666666666664,60.625
865,2017-05-15,33.375,63.083333333333336
866,2017-05-16,31.625,69.625
867,2017-05-17,33.166666666666664,64.45833333333333
868,2017-05-18,32.5,67.41666666666667
869,2017-05-19,33.708333333333336,61.833333333333336
870,2017-05-20,34.041666666666664,61.416666666666664
871,2017-05-21,34.416666666666664,60.291666666666664
872,2017-05-22,33.833333333333336,61.083333333333336
873,2017-05-23,33.833333333333336,61.5
874,2017-05-24,33.583333333333336,60.291666666666664
875,2017-05-25,33.75,59.041666666666664
876,2017-05-26,33.458333333333336,57.791666666666664
877,2017-05-27,33.916666666666664,53.0
878,2017-05-28,33.875,49.25
879,2017-05-29,33.291666666666664,53.541666666666664
880,2017-05-30,31.458333333333332,63.583333333333336
881,2017-05-31,32.583333333333336,65.125
882,2017-06-01,33.0,65.91666666666667
883,2017-06-02,32.708333333333336,64.83333333333333
884,2017-06-03,33.708333333333336,64.5
885,2017-06-04,34.416666666666664,62.583333333333336
886,2017-06-05,33.708333333333336,68.125
887,2017-06-06,33.083333333333336,64.54166666666667
888,2017-06-07,33.083333333333336,57.0
889,2017-06-08,33.208333333333336,55.791666666666664
890,2017-06-09,32.708333333333336,56.583333333333336
891,2017-06-10,32.583333333333336,59.125
892,2017-06-11,30.416666666666668,70.83333333333333
893,2017-06-12,30.375,71.58333333333333
894,2017-06-13,32.666666666666664,67.66666666666667
895,2017-06-14,30.708333333333332,72.58333333333333
896,2017-06-15,31.875,64.375
897,2017-06-16,31.583333333333332,66.04166666666667
898,2017-06-17,32.458333333333336,63.666666666666664
899,2017-06-18,33.125,63.541666666666664
900,2017-06-19,32.75,65.875
901,2017-06-20,30.291666666666668,71.375
902,2017-06-21,30.416666666666668,67.58333333333333
903,2017-06-22,31.625,65.875
904,2017-06-23,31.333333333333332,69.75
905,2017-06-24,30.916666666666668,68.91666666666667
906,2017-06-25,30.791666666666668,68.625
907,2017-06-26,30.916666666666668,70.83333333333333
908,2017-06-27,31.083333333333332,68.91666666666667
909,2017-06-28,31.041666666666668,69.29166666666667
910,2017-06-29,31.083333333333332,70.04166666666667
911,2017-06-30,31.208333333333332,68.625
912,2017-07-01,31.75,68.125
913,2017-07-02,30.375,74.83333333333333
914,2017-07-03,30.958333333333332,67.5
915,2017-07-04,31.375,64.83333333333333
916,2017-07-05,31.125,67.79166666666667
917,2017-07-06,32.041666666666664,63.041666666666664
918,2017-07-07,32.458333333333336,60.375
919,2017-07-08,31.833333333333332,64.66666666666667
920,2017-07-09,31.25,67.25
921,2017-07-10,31.625,64.0
922,2017-07-11,30.416666666666668,72.58333333333333
923,2017-07-12,30.125,71.79166666666667
924,2017-07-13,30.0,71.375
925,2017-07-14,30.333333333333332,71.91666666666667
926,2017-07-15,30.583333333333332,71.91666666666667
927,2017-07-16,30.541666666666668,71.70833333333333
928,2017-07-17,31.458333333333332,66.5
929,2017-07-18,31.333333333333332,65.95833333333333
930,2017-07-19,30.083333333333332,72.29166666666667
931,2017-07-20,29.958333333333332,73.625
932,2017-07-21,29.833333333333332,73.125
933,2017-07-22,28.708333333333332,79.375
934,2017-07-23,27.541666666666668,82.91666666666667
935,2017-07-24,26.208333333333332,87.58333333333333
936,2017-07-25,28.583333333333332,77.95833333333333
937,2017-07-26,29.708333333333332,73.375
938,2017-07-27,30.291666666666668,70.29166666666667
939,2017-07-28,31.041666666666668,67.66666666666667
940,2017-07-29,31.208333333333332,66.33333333333333
941,2017-07-30,31.208333333333332,67.33333333333333
942,2017-07-31,31.875,63.708333333333336
943,2017-08-01,32.083333333333336,63.375
944,2017-08-02,31.833333333333332,66.25
945,2017-08-03,31.583333333333332,68.04166666666667
946,2017-08-04,31.291666666666668,70.08333333333333
947,2017-08-05,30.833333333333332,74.08333333333333
948,2017-08-06,30.416666666666668,74.66666666666667
949,2017-08-07,29.916666666666668,78.04166666666667
950,2017-08-08,30.625,73.0
951,2017-08-09,30.541666666666668,70.875
952,2017-08-10,30.833333333333332,69.45833333333333
953,2017-08-11,30.583333333333332,70.16666666666667
954,2017-08-12,29.541666666666668,75.58333333333333
955,2017-08-13,29.833333333333332,73.79166666666667
956,2017-08-14,29.583333333333332,76.41666666666667
957,2017-08-15,30.5,69.75
958,2017-08-16,31.041666666666668,69.125
959,2017-08-17,30.208333333333332,73.25
960,2017-08-18,29.375,77.125
961,2017-08-19,29.0,79.54166666666667
962,2017-08-20,29.416666666666668,76.625
963,2017-08-21,30.125,71.54166666666667
964,2017-08-22,30.5,68.29166666666667
965,2017-08-23,31.041666666666668,63.916666666666664
966,2017-08-24,30.625,69.625
967,2017-08-25,30.166666666666668,73.75
968,2017-08-26,29.708333333333332,78.0
969,2017-08-27,29.416666666666668,78.5
970,2017-08-28,28.875,81.16666666666667
971,2017-08-29,29.541666666666668,76.375
972,2017-08-30,30.166666666666668,74.25
973,2017-08-31,30.291666666666668,74.75
974,2017-09-01,29.708333333333332,77.375
975,2017-09-02,29.166666666666668,77.0
976,2017-09-03,30.5,67.75
977,2017-09-04,30.875,67.45833333333333
978,2017-09-05,30.875,67.41666666666667
979,2017-09-06,30.708333333333332,69.95833333333333
980,2017-09-07,30.291666666666668,73.875
981,2017-09-08,30.208333333333332,73.625
982,2017-09-09,30.166666666666668,74.75
983,2017-09-10,29.416666666666668,77.29166666666667
984,2017-09-11,29.666666666666668,75.04166666666667
985,2017-09-12,29.666666666666668,76.83333333333333
986,2017-09-13,29.541666666666668,75.08333333333333
987,2017-09-14,30.125,70.58333333333333
988,2017-09-15,30.208333333333332,70.625
989,2017-09-16,30.708333333333332,71.20833333333333
990,2017-09-17,30.125,74.79166666666667
991,2017-09-18,29.458333333333332,75.58333333333333
992,2017-09-19,29.0,77.08333333333333
993,2017-09-20,28.166666666666668,82.625
994,2017-09-21,29.125,78.25
995,2017-09-22,29.458333333333332,77.95833333333333
996,2017-09-23,30.041666666666668,73.70833333333333
997,2017-09-24,30.5,71.79166666666667
998,2017-09-25,31.166666666666668,68.25
999,2017-09-26,30.583333333333332,70.41666666666667
1000,2017-09-27,29.166666666666668,72.58333333333333
1001,2017-09-28,28.875,71.29166666666667
1002,2017-09-29,26.708333333333332,84.58333333333333
1003,2017-09-30,28.416666666666668,78.54166666666667
1004,2017-10-01,28.0,83.79166666666667
1005,2017-10-02,28.916666666666668,77.125
1006,2017-10-03,29.041666666666668,74.33333333333333
1007,2017-10-04,29.416666666666668,69.29166666666667
1008,2017-10-05,29.625,73.54166666666667
1009,2017-10-06,26.833333333333332,84.41666666666667
1010,2017-10-07,27.791666666666668,81.0
1011,2017-10-08,27.541666666666668,82.04166666666667
1012,2017-10-09,25.583333333333332,92.16666666666667
1013,2017-10-10,27.791666666666668,81.29166666666667
1014,2017-10-11,28.5,79.375
1015,2017-10-12,28.583333333333332,77.08333333333333
1016,2017-10-13,28.458333333333332,79.66666666666667
1017,2017-10-14,28.416666666666668,78.70833333333333
1018,2017-10-15,28.791666666666668,68.70833333333333
1019,2017-10-16,28.875,60.916666666666664
1020,2017-10-17,28.625,59.0
1021,2017-10-18,28.375,75.04166666666667
1022,2017-10-19,27.166666666666668,86.0
1023,2017-10-20,26.166666666666668,90.79166666666667
1024,2017-10-21,24.75,89.04166666666667
1025,2017-10-22,26.25,76.0
1026,2017-10-23,27.041666666666668,74.33333333333333
1027,2017-10-24,27.458333333333332,76.125
1028,2017-10-25,27.375,72.54166666666667
1029,2017-10-26,26.625,65.83333333333333
1030,2017-10-27,25.708333333333332,54.791666666666664
1031,2017-10-28,26.0,58.458333333333336
1032,2017-10-29,26.125,60.583333333333336
1033,2017-10-30,25.208333333333332,68.54166666666667
1034,2017-10-31,24.666666666666668,64.79166666666667
1035,2017-11-01,24.708333333333332,64.375
1036,2017-11-02,24.625,65.58333333333333
1037,2017-11-03,25.458333333333332,60.833333333333336
1038,2017-11-04,26.75,59.291666666666664
1039,2017-11-05,27.125,57.875
1040,2017-11-06,26.458333333333332,56.416666666666664
1041,2017-11-07,26.166666666666668,54.666666666666664
1042,2017-11-08,25.875,53.5
1043,2017-11-09,25.541666666666668,54.0
1044,2017-11-10,25.5,53.083333333333336
1045,2017-11-11,25.708333333333332,54.541666666666664
1046,2017-11-12,26.166666666666668,53.458333333333336
1047,2017-11-13,25.75,51.791666666666664
1048,2017-11-14,25.708333333333332,58.416666666666664
1049,2017-11-15,22.833333333333332,79.58333333333333
1050,2017-11-16,21.666666666666668,88.16666666666667
1051,2017-11-17,22.5,87.16666666666667
1052,2017-11-18,25.708333333333332,75.20833333333333
1053,2017-11-19,26.583333333333332,67.33333333333333
1054,2017-11-20,26.208333333333332,56.333333333333336
1055,2017-11-21,24.875,45.625
1056,2017-11-22,22.666666666666668,40.0
1057,2017-11-23,21.75,37.375
1058,2017-11-24,22.25,42.125
1059,2017-11-25,21.833333333333332,43.958333333333336
1060,2017-11-26,22.166666666666668,41.583333333333336
1061,2017-11-27,22.208333333333332,41.25
1062,2017-11-28,22.291666666666668,37.75
1063,2017-11-29,22.125,38.291666666666664
1064,2017-11-30,21.708333333333332,38.25
1065,2017-12-01,22.041666666666668,47.875
1066,2017-12-02,22.791666666666668,48.833333333333336
1067,2017-12-03,23.0,46.25
1068,2017-12-04,22.541666666666668,47.0
1069,2017-12-05,22.541666666666668,42.958333333333336
1070,2017-12-06,22.458333333333332,43.833333333333336
1071,2017-12-07,23.333333333333332,45.125
1072,2017-12-08,22.791666666666668,56.791666666666664
1073,2017-12-09,21.375,86.625
1074,2017-12-10,24.041666666666668,86.25
1075,2017-12-11,24.833333333333332,68.58333333333333
1076,2017-12-12,24.791666666666668,60.708333333333336
1077,2017-12-13,24.666666666666668,54.291666666666664
1078,2017-12-14,24.833333333333332,47.458333333333336
1079,2017-12-15,24.125,47.666666666666664
1080,2017-12-16,22.75,41.291666666666664
1081,2017-12-17,21.458333333333332,38.0
1082,2017-12-18,21.166666666666668,46.958333333333336
1083,2017-12-19,20.833333333333332,53.75
1084,2017-12-20,21.083333333333332,57.041666666666664
1085,2017-12-21,21.208333333333332,54.208333333333336
1086,2017-12-22,22.0,55.916666666666664
1087,2017-12-23,22.5,53.916666666666664
1088,2017-12-24,21.791666666666668,42.166666666666664
1089,2017-12-25,21.541666666666668,40.083333333333336
1090,2017-12-26,21.291666666666668,35.083333333333336
1091,2017-12-27,21.166666666666668,34.958333333333336
1092,2017-12-28,20.875,45.916666666666664
1093,2017-12-29,21.458333333333332,42.625
1094,2017-12-30,21.583333333333332,49.458333333333336
1095,2017-12-31,22.041666666666668,43.541666666666664
1096,2018-01-01,21.833333333333332,42.875
1097,2018-01-02,20.833333333333332,44.083333333333336
1098,2018-01-03,19.958333333333332,38.875
1099,2018-01-04,18.083333333333332,36.833333333333336
1100,2018-01-05,18.25,35.583333333333336
1101,2018-01-06,18.291666666666668,33.916666666666664
1102,2018-01-07,17.833333333333332,33.875
1103,2018-01-08,17.458333333333332,36.083333333333336
1104,2018-01-09,17.791666666666668,37.958333333333336
1105,2018-01-10,18.375,37.333333333333336
1106,2018-01-11,18.291666666666668,40.708333333333336
1107,2018-01-12,19.416666666666668,37.416666666666664
1108,2018-01-13,18.916666666666668,40.375
1109,2018-01-14,18.75,42.041666666666664
1110,2018-01-15,19.333333333333332,42.416666666666664
1111,2018-01-16,19.916666666666668,41.958333333333336
1112,2018-01-17,19.875,36.416666666666664
1113,2018-01-18,19.833333333333332,32.541666666666664
1114,2018-01-19,19.708333333333332,32.708333333333336
1115,2018-01-20,20.166666666666668,38.958333333333336
1116,2018-01-21,20.833333333333332,36.666666666666664
1117,2018-01-22,20.375,31.125
1118,2018-01-23,20.958333333333332,31.375
1119,2018-01-24,22.583333333333332,39.875
1120,2018-01-25,22.0,39.166666666666664
1121,2018-01-26,21.125,37.5
1122,2018-01-27,20.291666666666668,38.625
1123,2018-01-28,20.666666666666668,31.958333333333332
1124,2018-01-29,21.416666666666668,32.083333333333336
1125,2018-01-30,21.708333333333332,30.208333333333332
1126,2018-01-31,22.208333333333332,34.708333333333336
1127,2018-02-01,22.0,37.375
1128,2018-02-02,22.958333333333332,41.708333333333336
1129,2018-02-03,23.541666666666668,41.625
1130,2018-02-04,25.0,46.583333333333336
1131,2018-02-05,25.375,48.833333333333336
1132,2018-02-06,25.25,40.333333333333336
1133,2018-02-07,25.75,30.541666666666668
1134,2018-02-08,24.791666666666668,33.291666666666664
1135,2018-02-09,25.458333333333332,42.25
1136,2018-02-10,25.791666666666668,35.5
1137,2018-02-11,24.208333333333332,27.375
1138,2018-02-12,24.5,26.833333333333332
1139,2018-02-13,24.791666666666668,34.916666666666664
1140,2018-02-14,24.958333333333332,41.791666666666664
1141,2018-02-15,23.875,33.916666666666664
1142,2018-02-16,23.333333333333332,32.541666666666664
1143,2018-02-17,23.666666666666668,37.5
1144,2018-02-18,24.458333333333332,38.666666666666664
1145,2018-02-19,25.166666666666668,47.083333333333336
1146,2018-02-20,25.625,45.375
1147,2018-02-21,26.291666666666668,41.958333333333336
1148,2018-02-22,26.416666666666668,35.5
1149,2018-02-23,27.083333333333332,41.625
1150,2018-02-24,28.0,44.0
1151,2018-02-25,29.0,33.166666666666664
1152,2018-02-26,27.833333333333332,38.791666666666664
1153,2018-02-27,27.625,39.333333333333336
1154,2018-02-28,27.083333333333332,42.833333333333336
1155,2018-03-01,27.333333333333332,38.708333333333336
1156,2018-03-02,28.0,43.708333333333336
1157,2018-03-03,28.791666666666668,45.5
1158,2018-03-04,29.416666666666668,45.583333333333336
1159,2018-03-05,29.75,34.166666666666664
1160,2018-03-06,29.416666666666668,29.291666666666668
1161,2018-03-07,27.416666666666668,23.5
1162,2018-03-08,26.833333333333332,19.708333333333332
1163,2018-03-09,27.208333333333332,21.708333333333332
1164,2018-03-10,27.541666666666668,24.291666666666668
1165,2018-03-11,27.958333333333332,29.458333333333332
1166,2018-03-12,28.541666666666668,52.083333333333336
1167,2018-03-13,29.0,40.791666666666664
1168,2018-03-14,29.041666666666668,31.208333333333332
1169,2018-03-15,29.125,48.916666666666664
1170,2018-03-16,28.625,49.291666666666664
1171,2018-03-17,28.375,44.791666666666664
1172,2018-03-18,28.666666666666668,41.041666666666664
1173,2018-03-19,28.458333333333332,26.125
1174,2018-03-20,28.25,40.666666666666664
1175,2018-03-21,29.125,41.958333333333336
1176,2018-03-22,29.208333333333332,54.583333333333336
1177,2018-03-23,29.25,66.20833333333333
1178,2018-03-24,29.458333333333332,67.91666666666667
1179,2018-03-25,30.125,59.041666666666664
1180,2018-03-26,29.583333333333332,64.16666666666667
1181,2018-03-27,30.0,52.666666666666664
1182,2018-03-28,29.208333333333332,65.75
1183,2018-03-29,29.291666666666668,67.0
1184,2018-03-30,29.958333333333332,65.20833333333333
1185,2018-03-31,29.666666666666668,64.66666666666667
1186,2018-04-01,29.333333333333332,61.625
1187,2018-04-02,28.666666666666668,47.875
1188,2018-04-03,29.458333333333332,47.791666666666664
1189,2018-04-04,29.333333333333332,53.541666666666664
1190,2018-04-05,29.375,60.416666666666664
1191,2018-04-06,29.5,67.5
1192,2018-04-07,28.875,69.45833333333333
1193,2018-04-08,29.583333333333332,49.25
1194,2018-04-09,29.5,58.708333333333336
1195,2018-04-10,29.583333333333332,57.875
1196,2018-04-11,30.083333333333332,60.125
1197,2018-04-12,31.0,56.458333333333336
1198,2018-04-13,31.166666666666668,56.375
1199,2018-04-14,31.875,54.583333333333336
1200,2018-04-15,32.208333333333336,44.875
1201,2018-04-16,32.333333333333336,52.25
1202,2018-04-17,33.291666666666664,51.291666666666664
1203,2018-04-18,31.291666666666668,64.54166666666667
1204,2018-04-19,31.875,60.083333333333336
1205,2018-04-20,31.375,67.45833333333333
1206,2018-04-21,31.083333333333332,69.04166666666667
1207,2018-04-22,30.375,73.25
1208,2018-04-23,31.583333333333332,64.95833333333333
1209,2018-04-24,32.375,52.208333333333336
1210,2018-04-25,31.375,62.75
1211,2018-04-26,30.666666666666668,64.375
1212,2018-04-27,31.541666666666668,58.0
1213,2018-04-28,31.333333333333332,58.416666666666664
1214,2018-04-29,31.208333333333332,64.25
1215,2018-04-30,29.958333333333332,68.41666666666667
1216,2018-05-01,30.25,59.833333333333336
1217,2018-05-02,30.583333333333332,59.75
1218,2018-05-03,30.166666666666668,59.375
1219,2018-05-04,30.291666666666668,63.041666666666664
1220,2018-05-05,31.375,65.58333333333333
1221,2018-05-06,31.541666666666668,66.04166666666667
1222,2018-05-07,32.125,63.958333333333336
1223,2018-05-08,32.708333333333336,63.583333333333336
1224,2018-05-09,31.666666666666668,70.45833333333333
1225,2018-05-10,32.833333333333336,60.791666666666664
1226,2018-05-11,32.25,60.583333333333336
1227,2018-05-12,31.666666666666668,58.583333333333336
1228,2018-05-13,30.666666666666668,67.95833333333333
1229,2018-05-14,31.25,54.041666666666664
1230,2018-05-15,31.375,58.791666666666664
1231,2018-05-16,30.291666666666668,68.5
1232,2018-05-17,30.291666666666668,68.375
1233,2018-05-18,31.291666666666668,67.54166666666667
1234,2018-05-19,32.041666666666664,62.375
1235,2018-05-20,32.0,66.0
1236,2018-05-21,32.375,64.08333333333333
1237,2018-05-22,31.333333333333332,69.5
1238,2018-05-23,30.875,66.29166666666667
1239,2018-05-24,32.041666666666664,62.458333333333336
1240,2018-05-25,32.5,62.041666666666664
1241,2018-05-26,32.625,62.083333333333336
1242,2018-05-27,33.041666666666664,57.541666666666664
1243,2018-05-28,33.0,56.458333333333336
1244,2018-05-29,33.083333333333336,56.25
1245,2018-05-30,33.0,60.583333333333336
1246,2018-05-31,33.166666666666664,62.541666666666664
1247,2018-06-01,31.583333333333332,64.25
1248,2018-06-02,31.958333333333332,59.25
1249,2018-06-03,32.083333333333336,61.875
1250,2018-06-04,32.416666666666664,63.083333333333336
1251,2018-06-05,32.208333333333336,60.083333333333336
1252,2018-06-06,32.416666666666664,58.25
1253,2018-06-07,32.791666666666664,57.833333333333336
1254,2018-06-08,33.25,56.291666666666664
1255,2018-06-09,32.666666666666664,59.125
1256,2018-06-10,31.625,66.66666666666667
1257,2018-06-11,32.083333333333336,65.08333333333333
1258,2018-06-12,32.0,67.66666666666667
1259,2018-06-13,33.583333333333336,57.583333333333336
1260,2018-06-14,35.0,51.791666666666664
1261,2018-06-15,35.791666666666664,48.666666666666664
1262,2018-06-16,34.958333333333336,48.041666666666664
1263,2018-06-17,36.291666666666664,43.083333333333336
1264,2018-06-18,36.666666666666664,41.708333333333336
1265,2018-06-19,36.0,44.541666666666664
1266,2018-06-20,34.666666666666664,52.75
1267,2018-06-21,34.0,52.125
1268,2018-06-22,33.083333333333336,57.333333333333336
1269,2018-06-23,31.416666666666668,65.58333333333333
1270,2018-06-24,31.083333333333332,66.04166666666667
1271,2018-06-25,31.083333333333332,68.41666666666667
1272,2018-06-26,29.041666666666668,74.625
1273,2018-06-27,29.958333333333332,69.54166666666667
1274,2018-06-28,30.125,69.08333333333333
1275,2018-06-29,30.833333333333332,64.625
1276,2018-06-30,31.875,59.083333333333336
1277,2018-07-01,32.291666666666664,59.375
1278,2018-07-02,32.041666666666664,63.0
1279,2018-07-03,29.791666666666668,71.625
1280,2018-07-04,30.125,72.29166666666667
1281,2018-07-05,30.583333333333332,70.91666666666667
1282,2018-07-06,31.416666666666668,66.54166666666667
1283,2018-07-07,31.291666666666668,68.125
1284,2018-07-08,31.041666666666668,69.54166666666667
1285,2018-07-09,31.0,72.04166666666667
1286,2018-07-10,30.416666666666668,73.66666666666667
1287,2018-07-11,30.833333333333332,71.95833333333333
1288,2018-07-12,31.375,68.95833333333333
1289,2018-07-13,31.25,69.29166666666667
1290,2018-07-14,30.666666666666668,73.875
1291,2018-07-15,30.416666666666668,75.33333333333333
1292,2018-07-16,30.333333333333332,75.08333333333333
1293,2018-07-17,30.791666666666668,72.08333333333333
1294,2018-07-18,31.208333333333332,69.16666666666667
1295,2018-07-19,33.041666666666664,61.583333333333336
1296,2018-07-20,32.083333333333336,67.41666666666667
1297,2018-07-21,29.375,80.45833333333333
1298,2018-07-22,28.125,84.5
1299,2018-07-23,29.708333333333332,74.75
1300,2018-07-24,30.583333333333332,71.29166666666667
1301,2018-07-25,28.583333333333332,80.25
1302,2018-07-26,29.416666666666668,75.91666666666667
1303,2018-07-27,29.291666666666668,76.125
1304,2018-07-28,29.833333333333332,73.45833333333333
1305,2018-07-29,30.291666666666668,71.75
1306,2018-07-30,30.458333333333332,71.29166666666667
1307,2018-07-31,29.708333333333332,74.75
1308,2018-08-01,27.333333333333332,83.375
1309,2018-08-02,28.458333333333332,77.33333333333333
1310,2018-08-03,29.625,73.25
1311,2018-08-04,30.083333333333332,71.33333333333333
1312,2018-08-05,30.0,75.375
1313,2018-08-06,29.75,76.125
1314,2018-08-07,29.0,80.33333333333333
1315,2018-08-08,29.541666666666668,77.08333333333333
1316,2018-08-09,30.0,75.33333333333333
1317,2018-08-10,30.791666666666668,73.29166666666667
1318,2018-08-11,30.916666666666668,72.5
1319,2018-08-12,30.541666666666668,74.875
1320,2018-08-13,30.708333333333332,74.25
1321,2018-08-14,30.541666666666668,76.83333333333333
1322,2018-08-15,29.916666666666668,78.66666666666667
1323,2018-08-16,29.916666666666668,78.08333333333333
1324,2018-08-17,30.541666666666668,72.58333333333333
1325,2018-08-18,31.416666666666668,68.95833333333333
1326,2018-08-19,30.25,74.0
1327,2018-08-20,29.5,78.75
1328,2018-08-21,30.083333333333332,75.58333333333333
1329,2018-08-22,30.75,73.45833333333333
1330,2018-08-23,30.083333333333332,71.54166666666667
1331,2018-08-24,30.041666666666668,75.66666666666667
1332,2018-08-25,30.25,76.0
1333,2018-08-26,29.958333333333332,77.66666666666667
1334,2018-08-27,29.375,82.58333333333333
1335,2018-08-28,29.5,78.625
1336,2018-08-29,29.625,76.91666666666667
1337,2018-08-30,29.75,77.0
1338,2018-08-31,29.916666666666668,78.0
1339,2018-09-01,29.666666666666668,75.54166666666667
1340,2018-09-02,28.458333333333332,81.83333333333333
1341,2018-09-03,29.541666666666668,76.04166666666667
1342,2018-09-04,29.333333333333332,75.70833333333333
1343,2018-09-05,28.833333333333332,80.29166666666667
1344,2018-09-06,27.458333333333332,85.375
1345,2018-09-07,27.958333333333332,85.04166666666667
1346,2018-09-08,28.958333333333332,80.54166666666667
1347,2018-09-09,28.958333333333332,75.75
1348,2018-09-10,29.375,76.29166666666667
1349,2018-09-11,29.125,78.66666666666667
1350,2018-09-12,29.833333333333332,74.20833333333333
1351,2018-09-13,29.875,70.875
1352,2018-09-14,30.166666666666668,69.70833333333333
1353,2018-09-15,29.916666666666668,72.58333333333333
1354,2018-09-16,30.041666666666668,72.125
1355,2018-09-17,30.875,65.66666666666667
1356,2018-09-18,31.375,59.333333333333336
1357,2018-09-19,31.375,61.833333333333336
1358,2018-09-20,27.541666666666668,84.66666666666667
1359,2018-09-21,26.916666666666668,87.70833333333333
1360,2018-09-22,27.75,81.45833333333333
1361,2018-09-23,28.708333333333332,75.33333333333333
1362,2018-09-24,29.208333333333332,76.54166666666667
1363,2018-09-25,29.75,74.41666666666667
1364,2018-09-26,29.541666666666668,73.58333333333333
1365,2018-09-27,29.875,69.45833333333333
1366,2018-09-28,30.375,65.70833333333333
1367,2018-09-29,30.75,63.833333333333336
1368,2018-09-30,30.125,58.916666666666664
1369,2018-10-01,29.666666666666668,50.958333333333336
1370,2018-10-02,29.541666666666668,60.916666666666664
1371,2018-10-03,29.625,60.5
1372,2018-10-04,29.5,56.166666666666664
1373,2018-10-05,29.625,55.708333333333336
1374,2018-10-06,29.416666666666668,54.541666666666664
1375,2018-10-07,29.375,50.875
1376,2018-10-08,29.041666666666668,50.041666666666664
1377,2018-10-09,28.041666666666668,62.708333333333336
1378,2018-10-10,24.916666666666668,86.41666666666667
1379,2018-10-11,26.333333333333332,85.29166666666667
1380,2018-10-12,25.291666666666668,86.41666666666667
1381,2018-10-13,25.666666666666668,86.08333333333333
1382,2018-10-14,25.958333333333332,76.625
1383,2018-10-15,26.916666666666668,67.04166666666667
1384,2018-10-16,26.083333333333332,65.125
1385,2018-10-17,25.75,59.625
1386,2018-10-18,26.75,67.375
1387,2018-10-19,27.833333333333332,62.458333333333336
1388,2018-10-20,28.166666666666668,61.75
1389,2018-10-21,27.541666666666668,56.666666666666664
1390,2018-10-22,27.166666666666668,54.583333333333336
1391,2018-10-23,27.25,55.166666666666664
1392,2018-10-24,26.875,57.125
1393,2018-10-25,25.875,40.625
1394,2018-10-26,25.708333333333332,45.166666666666664
1395,2018-10-27,25.791666666666668,53.083333333333336
1396,2018-10-28,24.833333333333332,71.25
1397,2018-10-29,24.541666666666668,80.58333333333333
1398,2018-10-30,24.458333333333332,82.45833333333333
1399,2018-10-31,25.666666666666668,73.83333333333333
1400,2018-11-01,26.333333333333332,71.91666666666667
1401,2018-11-02,26.458333333333332,71.29166666666667
1402,2018-11-03,27.0,66.91666666666667
1403,2018-11-04,26.916666666666668,68.625
1404,2018-11-05,27.0,70.91666666666667
1405,2018-11-06,27.541666666666668,61.208333333333336
1406,2018-11-07,26.333333333333332,66.29166666666667
1407,2018-11-08,25.708333333333332,56.833333333333336
1408,2018-11-09,24.875,48.791666666666664
1409,2018-11-10,24.166666666666668,49.583333333333336
1410,2018-11-11,24.583333333333332,51.833333333333336
1411,2018-11-12,24.875,52.0
1412,2018-11-13,25.166666666666668,52.666666666666664
1413,2018-11-14,25.541666666666668,51.708333333333336
1414,2018-11-15,25.958333333333332,49.5
1415,2018-11-16,26.166666666666668,47.375
1416,2018-11-17,25.875,48.458333333333336
1417,2018-11-18,25.625,49.458333333333336
1418,2018-11-19,25.333333333333332,48.75
1419,2018-11-20,25.041666666666668,49.833333333333336
1420,2018-11-21,24.666666666666668,43.833333333333336
1421,2018-11-22,24.041666666666668,42.458333333333336
1422,2018-11-23,23.625,42.625
1423,2018-11-24,23.458333333333332,43.75
1424,2018-11-25,23.958333333333332,48.916666666666664
1425,2018-11-26,24.208333333333332,48.666666666666664
1426,2018-11-27,23.958333333333332,53.166666666666664
1427,2018-11-28,24.5,51.333333333333336
1428,2018-11-29,24.25,47.166666666666664
1429,2018-11-30,24.458333333333332,48.0
1430,2018-12-01,24.708333333333332,47.25
1431,2018-12-02,23.75,44.916666666666664
1432,2018-12-03,23.333333333333332,41.5
1433,2018-12-04,22.666666666666668,36.958333333333336
1434,2018-12-05,22.583333333333332,41.5
1435,2018-12-06,22.791666666666668,42.833333333333336
1436,2018-12-07,22.541666666666668,43.625
1437,2018-12-08,21.916666666666668,35.375
1438,2018-12-09,21.5,36.125
1439,2018-12-10,22.208333333333332,39.375
1440,2018-12-11,23.208333333333332,39.583333333333336
1441,2018-12-12,23.916666666666668,42.25
1442,2018-12-13,24.166666666666668,45.666666666666664
1443,2018-12-14,24.083333333333332,37.083333333333336
1444,2018-12-15,22.291666666666668,32.333333333333336
1445,2018-12-16,20.791666666666668,42.916666666666664
1446,2018-12-17,18.375,77.0
1447,2018-12-18,16.5,86.70833333333333
1448,2018-12-19,18.75,67.70833333333333
1449,2018-12-20,19.291666666666668,53.875
1450,2018-12-21,20.166666666666668,48.5
1451,2018-12-22,19.5,49.083333333333336
1452,2018-12-23,19.833333333333332,51.291666666666664
1453,2018-12-24,19.958333333333332,48.541666666666664
1454,2018-12-25,20.041666666666668,39.083333333333336
1455,2018-12-26,18.791666666666668,38.041666666666664
1456,2018-12-27,19.25,38.375
1457,2018-12-28,18.875,34.375
1458,2018-12-29,17.75,37.125
1459,2018-12-30,18.666666666666668,46.416666666666664
1460,2018-12-31,19.833333333333332,44.25
1461,2019-01-01,22.916666666666668,39.208333333333336
1462,2019-01-02,23.833333333333332,39.291666666666664
1463,2019-01-03,24.458333333333332,35.333333333333336
1464,2019-01-04,23.25,35.625
1465,2019-01-05,22.166666666666668,40.541666666666664
1466,2019-01-06,23.458333333333332,42.666666666666664
1467,2019-01-07,25.375,40.083333333333336
1468,2019-01-08,24.0,41.208333333333336
1469,2019-01-09,24.083333333333332,43.916666666666664
1470,2019-01-10,24.375,40.375
1471,2019-01-11,24.0,39.125
1472,2019-01-12,24.083333333333332,39.25
1473,2019-01-13,24.75,38.583333333333336
1474,2019-01-14,24.125,36.333333333333336
1475,2019-01-15,23.583333333333332,38.875
1476,2019-01-16,22.958333333333332,34.916666666666664
1477,2019-01-17,24.041666666666668,32.083333333333336
1478,2019-01-18,25.25,33.708333333333336
1479,2019-01-19,24.875,36.375
1480,2019-01-20,25.291666666666668,37.541666666666664
1481,2019-01-21,26.375,37.083333333333336
1482,2019-01-22,28.166666666666668,35.291666666666664
1483,2019-01-23,28.75,34.333333333333336
1484,2019-01-24,28.75,36.041666666666664
1485,2019-01-25,26.958333333333332,39.833333333333336
1486,2019-01-26,26.125,42.166666666666664
1487,2019-01-27,23.125,47.833333333333336
1488,2019-01-28,22.875,49.166666666666664
1489,2019-01-29,22.125,39.916666666666664
1490,2019-01-30,22.625,28.333333333333332
1491,2019-01-31,23.041666666666668,29.666666666666668
1492,2019-02-01,23.791666666666668,31.208333333333332
1493,2019-02-02,26.375,32.541666666666664
1494,2019-02-03,27.25,31.041666666666668
1495,2019-02-04,27.208333333333332,32.083333333333336
1496,2019-02-05,26.5,29.666666666666668
1497,2019-02-06,26.791666666666668,32.375
1498,2019-02-07,28.25,35.125
1499,2019-02-08,25.375,50.5
1500,2019-02-09,23.958333333333332,57.875
1501,2019-02-10,24.291666666666668,39.416666666666664
1502,2019-02-11,24.708333333333332,33.208333333333336
1503,2019-02-12,24.875,34.375
1504,2019-02-13,27.291666666666668,34.875
1505,2019-02-14,29.166666666666668,31.083333333333332
1506,2019-02-15,30.125,32.875
1507,2019-02-16,24.583333333333332,47.583333333333336
1508,2019-02-17,24.541666666666668,53.375
1509,2019-02-18,25.958333333333332,32.416666666666664
1510,2019-02-19,26.833333333333332,46.375
1511,2019-02-20,28.541666666666668,49.666666666666664
1512,2019-02-21,31.333333333333332,36.333333333333336
1513,2019-02-22,30.916666666666668,48.333333333333336
1514,2019-02-23,31.041666666666668,44.041666666666664
1515,2019-02-24,30.125,36.291666666666664
1516,2019-02-25,24.875,56.375
1517,2019-02-26,25.916666666666668,67.08333333333333
1518,2019-02-27,25.041666666666668,71.5
1519,2019-02-28,24.0,65.58333333333333
1520,2019-03-01,23.291666666666668,47.125
1521,2019-03-02,26.166666666666668,37.916666666666664
1522,2019-03-03,26.333333333333332,38.25
1523,2019-03-04,26.583333333333332,61.041666666666664
1524,2019-03-05,26.5,61.291666666666664
1525,2019-03-06,27.0,47.208333333333336
1526,2019-03-07,27.041666666666668,39.166666666666664
1527,2019-03-08,27.708333333333332,39.666666666666664
1528,2019-03-09,28.083333333333332,39.458333333333336
1529,2019-03-10,27.5,66.25
1530,2019-03-11,30.083333333333332,60.916666666666664
1531,2019-03-12,30.541666666666668,57.0
1532,2019-03-13,32.458333333333336,48.583333333333336
1533,2019-03-14,32.333333333333336,51.833333333333336
1534,2019-03-15,31.125,51.583333333333336
1535,2019-03-16,31.541666666666668,41.75
1536,2019-03-17,32.041666666666664,43.416666666666664
1537,2019-03-18,28.291666666666668,49.0
1538,2019-03-19,28.208333333333332,57.416666666666664
1539,2019-03-20,30.916666666666668,53.25
1540,2019-03-21,30.041666666666668,52.375
1541,2019-03-22,30.791666666666668,55.083333333333336
1542,2019-03-23,32.291666666666664,42.166666666666664
1543,2019-03-24,32.583333333333336,28.166666666666668
1544,2019-03-25,33.75,31.125
1545,2019-03-26,32.083333333333336,43.041666666666664
1546,2019-03-27,30.875,38.333333333333336
1547,2019-03-28,31.916666666666668,49.916666666666664
1548,2019-03-29,30.5,57.0
1549,2019-03-30,31.916666666666668,54.458333333333336
1550,2019-03-31,31.541666666666668,62.041666666666664
1551,2019-04-01,30.666666666666668,62.083333333333336
1552,2019-04-02,30.666666666666668,59.208333333333336
1553,2019-04-03,32.333333333333336,57.083333333333336
1554,2019-04-04,31.333333333333332,61.333333333333336
1555,2019-04-05,31.375,61.375
1556,2019-04-06,31.875,59.583333333333336
1557,2019-04-07,30.291666666666668,53.625
1558,2019-04-08,30.708333333333332,59.083333333333336
1559,2019-04-09,31.625,62.5
1560,2019-04-10,30.625,69.04166666666667
1561,2019-04-11,31.541666666666668,64.625
1562,2019-04-12,32.416666666666664,62.458333333333336
1563,2019-04-13,32.875,57.166666666666664
1564,2019-04-14,33.208333333333336,55.25
1565,2019-04-15,33.291666666666664,53.541666666666664
1566,2019-04-16,35.666666666666664,44.0
1567,2019-04-17,33.958333333333336,43.916666666666664
1568,2019-04-18,34.958333333333336,40.0
1569,2019-04-19,32.25,41.291666666666664
1570,2019-04-20,32.958333333333336,39.041666666666664
1571,2019-04-21,33.625,44.625
1572,2019-04-22,33.541666666666664,43.583333333333336
1573,2019-04-23,33.333333333333336,49.291666666666664
1574,2019-04-24,33.625,48.541666666666664
1575,2019-04-25,33.5,49.125
1576,2019-04-26,33.625,52.458333333333336
1577,2019-04-27,34.0,53.333333333333336
1578,2019-04-28,33.833333333333336,55.416666666666664
1579,2019-04-29,33.291666666666664,54.041666666666664
1580,2019-04-30,32.833333333333336,55.041666666666664
1581,2019-05-01,32.083333333333336,61.25
1582,2019-05-02,32.375,59.708333333333336
1583,2019-05-03,31.375,60.333333333333336
1584,2019-05-04,30.25,67.58333333333333
1585,2019-05-05,32.666666666666664,66.04166666666667
1586,2019-05-06,35.791666666666664,53.791666666666664
1587,2019-05-07,36.291666666666664,43.541666666666664
1588,2019-05-08,36.541666666666664,42.291666666666664
1589,2019-05-09,36.416666666666664,47.416666666666664
1590,2019-05-10,35.625,50.958333333333336
1591,2019-05-11,33.875,60.583333333333336
1592,2019-05-12,34.291666666666664,53.916666666666664
1593,2019-05-13,33.708333333333336,60.625
1594,2019-05-14,33.25,61.375
1595,2019-05-15,34.458333333333336,57.625
1596,2019-05-16,34.083333333333336,57.5
1597,2019-05-17,34.25,55.166666666666664
1598,2019-05-18,34.791666666666664,59.291666666666664
1599,2019-05-19,34.25,60.916666666666664
1600,2019-05-20,34.416666666666664,58.416666666666664
1601,2019-05-21,34.583333333333336,55.208333333333336
1602,2019-05-22,34.625,52.708333333333336
1603,2019-05-23,33.708333333333336,55.625
1604,2019-05-24,32.583333333333336,63.5
1605,2019-05-25,34.541666666666664,59.166666666666664
1606,2019-05-26,35.125,59.375
1607,2019-05-27,33.958333333333336,64.91666666666667
1608,2019-05-28,34.208333333333336,59.791666666666664
1609,2019-05-29,34.708333333333336,51.666666666666664
1610,2019-05-30,33.833333333333336,60.916666666666664
1611,2019-05-31,33.541666666666664,62.083333333333336
1612,2019-06-01,33.208333333333336,64.41666666666667
1613,2019-06-02,32.958333333333336,63.958333333333336
1614,2019-06-03,32.208333333333336,66.33333333333333
1615,2019-06-04,32.625,63.708333333333336
1616,2019-06-05,32.125,67.375
1617,2019-06-06,30.833333333333332,76.08333333333333
1618,2019-06-07,31.791666666666668,67.04166666666667
1619,2019-06-08,31.375,68.16666666666667
1620,2019-06-09,33.833333333333336,62.083333333333336
1621,2019-06-10,34.166666666666664,59.458333333333336
1622,2019-06-11,34.416666666666664,61.333333333333336
1623,2019-06-12,35.041666666666664,61.583333333333336
1624,2019-06-13,37.875,55.375
1625,2019-06-14,34.208333333333336,55.458333333333336
1626,2019-06-15,35.625,49.625
1627,2019-06-16,36.625,45.416666666666664
1628,2019-06-17,35.583333333333336,51.625
1629,2019-06-18,34.666666666666664,54.583333333333336
1630,2019-06-19,35.166666666666664,52.916666666666664
1631,2019-06-20,33.541666666666664,58.958333333333336
1632,2019-06-21,31.541666666666668,66.54166666666667
1633,2019-06-22,31.208333333333332,68.04166666666667
1634,2019-06-23,31.833333333333332,65.125
1635,2019-06-24,32.583333333333336,62.666666666666664
1636,2019-06-25,32.916666666666664,60.458333333333336
1637,2019-06-26,32.833333333333336,61.958333333333336
1638,2019-06-27,32.708333333333336,61.583333333333336
1639,2019-06-28,33.125,59.166666666666664
1640,2019-06-29,34.458333333333336,54.041666666666664
1641,2019-06-30,34.25,55.541666666666664
1642,2019-07-01,32.208333333333336,64.04166666666667
1643,2019-07-02,30.666666666666668,72.83333333333333
1644,2019-07-03,31.5,68.08333333333333
1645,2019-07-04,31.916666666666668,65.08333333333333
1646,2019-07-05,31.666666666666668,67.45833333333333
1647,2019-07-06,30.833333333333332,71.66666666666667
1648,2019-07-07,30.333333333333332,67.33333333333333
1649,2019-07-08,31.875,63.208333333333336
1650,2019-07-09,32.291666666666664,63.125
1651,2019-07-10,32.458333333333336,61.875
1652,2019-07-11,31.916666666666668,64.25
1653,2019-07-12,31.208333333333332,68.16666666666667
1654,2019-07-13,30.791666666666668,70.375
1655,2019-07-14,31.166666666666668,65.83333333333333
1656,2019-07-15,33.166666666666664,59.75
1657,2019-07-16,33.416666666666664,60.875
1658,2019-07-17,33.75,59.791666666666664
1659,2019-07-18,33.75,60.208333333333336
1660,2019-07-19,32.5,63.291666666666664
1661,2019-07-20,31.875,64.70833333333333
1662,2019-07-21,32.375,62.375
1663,2019-07-22,31.958333333333332,63.125
1664,2019-07-23,32.0,61.583333333333336
1665,2019-07-24,32.25,62.083333333333336
1666,2019-07-25,31.166666666666668,70.91666666666667
1667,2019-07-26,29.541666666666668,75.125
1668,2019-07-27,30.625,72.66666666666667
1669,2019-07-28,30.541666666666668,72.125
1670,2019-07-29,29.208333333333332,73.0
1671,2019-07-30,30.166666666666668,70.20833333333333
1672,2019-07-31,30.416666666666668,70.625
1673,2019-08-01,30.666666666666668,70.04166666666667
1674,2019-08-02,30.666666666666668,71.79166666666667
1675,2019-08-03,31.0,71.625
1676,2019-08-04,31.083333333333332,70.08333333333333
1677,2019-08-05,31.875,70.75
1678,2019-08-06,31.875,70.41666666666667
1679,2019-08-07,28.5,81.04166666666667
1680,2019-08-08,28.25,81.25
1681,2019-08-09,30.541666666666668,73.5
1682,2019-08-10,32.041666666666664,68.16666666666667
1683,2019-08-11,32.416666666666664,69.0
1684,2019-08-12,30.5,77.04166666666667
1685,2019-08-13,28.791666666666668,82.16666666666667
1686,2019-08-14,29.541666666666668,77.20833333333333
1687,2019-08-15,30.125,75.75
1688,2019-08-16,30.375,74.70833333333333
1689,2019-08-17,27.541666666666668,84.0
1690,2019-08-18,27.5,83.0
1691,2019-08-19,29.416666666666668,75.20833333333333
1692,2019-08-20,30.541666666666668,73.41666666666667
1693,2019-08-21,31.208333333333332,73.16666666666667
1694,2019-08-22,30.916666666666668,73.75
1695,2019-08-23,30.208333333333332,74.41666666666667
1696,2019-08-24,29.958333333333332,75.45833333333333
1697,2019-08-25,28.166666666666668,84.20833333333333
1698,2019-08-26,29.5,76.79166666666667
1699,2019-08-27,30.416666666666668,75.16666666666667
1700,2019-08-28,30.75,75.125
1701,2019-08-29,30.416666666666668,76.5
1702,2019-08-30,30.833333333333332,74.16666666666667
1703,2019-08-31,31.166666666666668,72.41666666666667
1704,2019-09-01,30.625,74.25
1705,2019-09-02,30.416666666666668,74.79166666666667
1706,2019-09-03,30.083333333333332,75.91666666666667
1707,2019-09-04,30.041666666666668,77.91666666666667
1708,2019-09-05,30.083333333333332,78.41666666666667
1709,2019-09-06,29.625,78.41666666666667
1710,2019-09-07,29.583333333333332,79.25
1711,2019-09-08,29.5,79.75
1712,2019-09-09,30.25,74.45833333333333
1713,2019-09-10,30.416666666666668,76.125
1714,2019-09-11,30.208333333333332,77.25
1715,2019-09-12,28.416666666666668,82.29166666666667
1716,2019-09-13,28.625,80.375
1717,2019-09-14,29.791666666666668,78.33333333333333
1718,2019-09-15,30.375,76.875
1719,2019-09-16,29.791666666666668,79.5
1720,2019-09-17,29.541666666666668,75.83333333333333
1721,2019-09-18,30.125,74.20833333333333
1722,2019-09-19,30.5,72.45833333333333
1723,2019-09-20,30.666666666666668,71.875
1724,2019-09-21,30.583333333333332,70.54166666666667
1725,2019-09-22,30.25,72.0
1726,2019-09-23,29.458333333333332,75.5
1727,2019-09-24,29.166666666666668,76.16666666666667
1728,2019-09-25,27.458333333333332,82.54166666666667
1729,2019-09-26,25.458333333333332,87.04166666666667
1730,2019-09-27,23.833333333333332,90.41666666666667
1731,2019-09-28,23.958333333333332,90.375
1732,2019-09-29,24.333333333333332,90.83333333333333
1733,2019-09-30,27.333333333333332,79.33333333333333
1734,2019-10-01,28.125,77.5
1735,2019-10-02,29.375,74.20833333333333
1736,2019-10-03,29.708333333333332,72.91666666666667
1737,2019-10-04,30.125,71.875
1738,2019-10-05,29.916666666666668,72.33333333333333
1739,2019-10-06,29.75,71.25
1740,2019-10-07,29.291666666666668,74.41666666666667
1741,2019-10-08,28.625,74.33333333333333
1742,2019-10-09,28.041666666666668,77.95833333333333
1743,2019-10-10,28.833333333333332,74.04166666666667
1744,2019-10-11,28.875,73.83333333333333
1745,2019-10-12,29.25,68.70833333333333
1746,2019-10-13,29.041666666666668,64.375
1747,2019-10-14,28.0,58.916666666666664
1748,2019-10-15,28.458333333333332,59.166666666666664
1749,2019-10-16,29.208333333333332,63.291666666666664
1750,2019-10-17,29.125,66.125
1751,2019-10-18,29.083333333333332,71.16666666666667
1752,2019-10-19,29.833333333333332,68.0
1753,2019-10-20,29.25,69.0
1754,2019-10-21,28.791666666666668,68.125
1755,2019-10-22,29.125,59.75
1756,2019-10-23,29.0,55.5
1757,2019-10-24,26.708333333333332,61.166666666666664
1758,2019-10-25,20.083333333333332,93.83333333333333
1759,2019-10-26,21.791666666666668,89.58333333333333
1760,2019-10-27,25.791666666666668,75.70833333333333
1761,2019-10-28,26.458333333333332,67.95833333333333
1762,2019-10-29,26.375,62.625
1763,2019-10-30,26.583333333333332,62.083333333333336
1764,2019-10-31,26.5,62.541666666666664
1765,2019-11-01,27.833333333333332,62.791666666666664
1766,2019-11-02,27.0,60.791666666666664
1767,2019-11-03,27.333333333333332,58.958333333333336
1768,2019-11-04,28.625,59.166666666666664
1769,2019-11-05,28.25,55.541666666666664
1770,2019-11-06,28.25,47.708333333333336
1771,2019-11-07,27.875,49.375
1772,2019-11-08,24.0,73.16666666666667
1773,2019-11-09,23.041666666666668,88.41666666666667
1774,2019-11-10,22.625,84.375
1775,2019-11-11,24.833333333333332,77.08333333333333
1776,2019-11-12,27.541666666666668,62.666666666666664
1777,2019-11-13,27.125,54.583333333333336
1778,2019-11-14,27.833333333333332,60.75
1779,2019-11-15,28.375,61.375
1780,2019-11-16,29.208333333333332,58.291666666666664
1781,2019-11-17,28.958333333333332,55.75
1782,2019-11-18,28.625,51.375
1783,2019-11-19,27.541666666666668,52.291666666666664
1784,2019-11-20,24.958333333333332,45.958333333333336
1785,2019-11-21,25.791666666666668,47.5
1786,2019-11-22,27.375,51.666666666666664
1787,2019-11-23,27.958333333333332,53.583333333333336
1788,2019-11-24,28.125,57.0
1789,2019-11-25,27.625,56.083333333333336
1790,2019-11-26,29.333333333333332,56.583333333333336
1791,2019-11-27,29.291666666666668,55.083333333333336
1792,2019-11-28,28.875,54.833333333333336
1793,2019-11-29,29.291666666666668,50.333333333333336
1794,2019-11-30,27.916666666666668,51.75
1795,2019-12-01,26.916666666666668,48.791666666666664
1796,2019-12-02,25.041666666666668,42.375
1797,2019-12-03,24.833333333333332,41.833333333333336
1798,2019-12-04,24.083333333333332,39.666666666666664
1799,2019-12-05,24.458333333333332,46.25
1800,2019-12-06,24.875,48.291666666666664
1801,2019-12-07,24.5,55.875
1802,2019-12-08,24.916666666666668,56.583333333333336
1803,2019-12-09,24.833333333333332,53.875
1804,2019-12-10,24.333333333333332,43.5
1805,2019-12-11,24.25,56.541666666666664
1806,2019-12-12,24.833333333333332,55.833333333333336
1807,2019-12-13,24.666666666666668,50.541666666666664
1808,2019-12-14,25.0,51.708333333333336
1809,2019-12-15,26.166666666666668,49.291666666666664
1810,2019-12-16,24.833333333333332,49.625
1811,2019-12-17,24.166666666666668,49.625
1812,2019-12-18,23.0,39.875
1813,2019-12-19,22.75,35.333333333333336
1814,2019-12-20,23.5,34.125
1815,2019-12-21,22.291666666666668,32.625
1816,2019-12-22,22.416666666666668,34.458333333333336
1817,2019-12-23,22.666666666666668,40.5
1818,2019-12-24,24.083333333333332,41.666666666666664
1819,2019-12-25,22.916666666666668,40.708333333333336
1820,2019-12-26,21.416666666666668,42.25
1821,2019-12-27,18.208333333333332,56.0
1822,2019-12-28,19.708333333333332,38.166666666666664
1823,2019-12-29,20.916666666666668,43.041666666666664
1824,2019-12-30,21.458333333333332,43.083333333333336
1825,2019-12-31,22.958333333333332,41.125
1826,2020-01-01,23.083333333333332,40.208333333333336
1827,2020-01-02,23.583333333333332,43.291666666666664
1828,2020-01-03,19.875,65.16666666666667
1829,2020-01-04,20.541666666666668,71.45833333333333
1830,2020-01-05,21.958333333333332,61.375
1831,2020-01-06,22.166666666666668,41.75
1832,2020-01-07,21.875,41.208333333333336
1833,2020-01-08,21.958333333333332,40.625
1834,2020-01-09,22.041666666666668,48.166666666666664
1835,2020-01-10,21.833333333333332,56.041666666666664
1836,2020-01-11,20.708333333333332,49.5
1837,2020-01-12,21.083333333333332,48.583333333333336
1838,2020-01-13,22.333333333333332,41.916666666666664
1839,2020-01-14,24.875,35.458333333333336
1840,2020-01-15,26.0,36.75
1841,2020-01-16,26.0,38.458333333333336
1842,2020-01-17,26.708333333333332,40.166666666666664
1843,2020-01-18,26.833333333333332,38.833333333333336
1844,2020-01-19,25.583333333333332,38.041666666666664
1845,2020-01-20,23.0,50.791666666666664
1846,2020-01-21,22.916666666666668,37.458333333333336
1847,2020-01-22,24.625,40.791666666666664
1848,2020-01-23,22.958333333333332,42.083333333333336
1849,2020-01-24,22.208333333333332,31.541666666666668
1850,2020-01-25,21.916666666666668,34.708333333333336
1851,2020-01-26,23.25,33.458333333333336
1852,2020-01-27,22.375,39.375
1853,2020-01-28,23.125,39.416666666666664
1854,2020-01-29,23.791666666666668,61.833333333333336
1855,2020-01-30,25.333333333333332,60.916666666666664
1856,2020-01-31,23.291666666666668,40.791666666666664
1857,2020-02-01,23.666666666666668,34.75
1858,2020-02-02,22.375,35.916666666666664
1859,2020-02-03,21.583333333333332,30.333333333333332
1860,2020-02-04,23.541666666666668,31.916666666666668
1861,2020-02-05,21.916666666666668,46.958333333333336
1862,2020-02-06,23.291666666666668,51.75
1863,2020-02-07,23.25,53.333333333333336
1864,2020-02-08,20.166666666666668,57.833333333333336
1865,2020-02-09,21.875,36.791666666666664
1866,2020-02-10,23.666666666666668,30.083333333333332
1867,2020-02-11,24.333333333333332,30.083333333333332
1868,2020-02-12,24.333333333333332,28.916666666666668
1869,2020-02-13,24.625,30.916666666666668
1870,2020-02-14,25.875,39.75
1871,2020-02-15,27.875,35.125
1872,2020-02-16,27.666666666666668,34.958333333333336
1873,2020-02-17,27.791666666666668,40.708333333333336
1874,2020-02-18,27.208333333333332,41.916666666666664
1875,2020-02-19,27.541666666666668,42.541666666666664
1876,2020-02-20,26.416666666666668,51.75
1877,2020-02-21,27.375,42.75
1878,2020-02-22,27.458333333333332,38.583333333333336
1879,2020-02-23,28.125,37.291666666666664
1880,2020-02-24,26.708333333333332,41.625
1881,2020-02-25,24.625,52.0
1882,2020-02-26,23.75,64.08333333333333
1883,2020-02-27,26.25,45.541666666666664
1884,2020-02-28,27.958333333333332,35.708333333333336
1885,2020-02-29,27.041666666666668,34.125
1886,2020-03-01,28.791666666666668,41.208333333333336
1887,2020-03-02,28.333333333333332,45.333333333333336
1888,2020-03-03,27.083333333333332,52.0
1889,2020-03-04,26.333333333333332,57.833333333333336
1890,2020-03-05,26.375,58.5
1891,2020-03-06,26.875,52.375
1892,2020-03-07,25.791666666666668,69.04166666666667
1893,2020-03-08,27.458333333333332,60.458333333333336
1894,2020-03-09,30.833333333333332,37.208333333333336
1895,2020-03-10,29.291666666666668,32.208333333333336
1896,2020-03-11,28.625,49.166666666666664
1897,2020-03-12,28.875,56.291666666666664
1898,2020-03-13,31.541666666666668,47.083333333333336
1899,2020-03-14,29.291666666666668,44.583333333333336
1900,2020-03-15,27.5,49.166666666666664
1901,2020-03-16,29.125,47.0
1902,2020-03-17,29.791666666666668,43.916666666666664
1903,2020-03-18,29.666666666666668,39.875
1904,2020-03-19,29.541666666666668,32.958333333333336
1905,2020-03-20,29.375,37.125
1906,2020-03-21,27.166666666666668,56.833333333333336
1907,2020-03-22,28.666666666666668,45.666666666666664
1908,2020-03-23,29.75,47.333333333333336
1909,2020-03-24,30.166666666666668,47.791666666666664
1910,2020-03-25,30.583333333333332,54.833333333333336
1911,2020-03-26,32.75,47.166666666666664
1912,2020-03-27,33.708333333333336,39.833333333333336
1913,2020-03-28,32.833333333333336,33.125
1914,2020-03-29,34.041666666666664,28.791666666666668
1915,2020-03-30,33.666666666666664,30.958333333333332
1916,2020-03-31,34.0,31.833333333333332
1917,2020-04-01,32.916666666666664,38.0
1918,2020-04-02,31.916666666666668,49.958333333333336
1919,2020-04-03,32.5,50.958333333333336
1920,2020-04-04,34.208333333333336,46.25
1921,2020-04-05,33.5,51.083333333333336
1922,2020-04-06,35.0,44.75
1923,2020-04-07,33.416666666666664,48.541666666666664
1924,2020-04-08,32.041666666666664,46.666666666666664
1925,2020-04-09,32.25,44.416666666666664
1926,2020-04-10,32.083333333333336,55.125
1927,2020-04-11,32.541666666666664,49.208333333333336
1928,2020-04-12,33.583333333333336,50.25
1929,2020-04-13,33.875,52.291666666666664
1930,2020-04-14,32.375,53.75
1931,2020-04-15,32.083333333333336,52.041666666666664
1932,2020-04-16,31.125,52.25
1933,2020-04-17,31.875,49.833333333333336
1934,2020-04-18,30.916666666666668,57.916666666666664
1935,2020-04-19,30.333333333333332,66.20833333333333
1936,2020-04-20,30.375,64.66666666666667
1937,2020-04-21,28.208333333333332,61.291666666666664
1938,2020-04-22,27.625,68.20833333333333
1939,2020-04-23,28.0,73.79166666666667
1940,2020-04-24,28.25,71.58333333333333
1941,2020-04-25,27.291666666666668,70.375
1942,2020-04-26,28.25,72.0
1943,2020-04-27,28.041666666666668,66.33333333333333
1944,2020-04-28,29.875,61.5
1945,2020-04-29,29.875,62.125
1946,2020-04-30,29.875,64.66666666666667
1947,2020-05-01,30.083333333333332,65.29166666666667
1948,2020-05-02,31.25,61.333333333333336
1949,2020-05-03,31.0,61.916666666666664
1950,2020-05-04,30.708333333333332,71.54166666666667
1951,2020-05-05,30.375,73.0
1952,2020-05-06,30.125,69.16666666666667
1953,2020-05-07,29.708333333333332,64.20833333333333
1954,2020-05-08,32.625,57.25
1955,2020-05-09,31.916666666666668,63.333333333333336
1956,2020-05-10,32.333333333333336,53.958333333333336
1957,2020-05-11,32.75,54.25
1958,2020-05-12,32.416666666666664,53.0
1959,2020-05-13,33.458333333333336,47.958333333333336
1960,2020-05-14,32.75,50.416666666666664
1961,2020-05-15,32.5,56.375
1962,2020-05-16,32.333333333333336,60.791666666666664
1963,2020-05-17,32.458333333333336,60.5
1964,2020-05-18,33.708333333333336,51.416666666666664
1965,2020-05-19,30.708333333333332,51.125
1966,2020-05-20,25.208333333333332,79.66666666666667
1967,2020-05-21,26.75,75.70833333333333
1968,2020-05-22,30.75,71.125
1969,2020-05-23,31.291666666666668,71.04166666666667
1970,2020-05-24,31.25,69.625
1971,2020-05-25,31.25,68.41666666666667
1972,2020-05-26,31.541666666666668,65.25
1973,2020-05-27,31.833333333333332,65.04166666666667
1974,2020-05-28,31.916666666666668,63.791666666666664
1975,2020-05-29,31.291666666666668,65.91666666666667
1976,2020-05-30,30.583333333333332,69.70833333333333
1977,2020-05-31,31.625,68.75
1978,2020-06-01,32.25,64.41666666666667
1979,2020-06-02,32.208333333333336,61.458333333333336
1980,2020-06-03,31.458333333333332,60.916666666666664
1981,2020-06-04,32.333333333333336,59.541666666666664
1982,2020-06-05,32.416666666666664,64.20833333333333
1983,2020-06-06,35.25,48.083333333333336
1984,2020-06-07,34.5,50.291666666666664
1985,2020-06-08,34.458333333333336,49.833333333333336
1986,2020-06-09,34.333333333333336,53.083333333333336
1987,2020-06-10,33.625,57.166666666666664
1988,2020-06-11,32.166666666666664,63.583333333333336
1989,2020-06-12,31.875,66.66666666666667
1990,2020-06-13,31.166666666666668,69.83333333333333
1991,2020-06-14,31.708333333333332,69.45833333333333
1992,2020-06-15,31.75,69.66666666666667
1993,2020-06-16,31.875,68.16666666666667
1994,2020-06-17,30.333333333333332,72.33333333333333
1995,2020-06-18,29.625,75.25
1996,2020-06-19,32.25,66.0
1997,2020-06-20,32.25,64.0
1998,2020-06-21,32.083333333333336,65.75
1999,2020-06-22,31.041666666666668,68.70833333333333
2000,2020-06-23,31.291666666666668,68.5
2001,2020-06-24,31.208333333333332,69.25
2002,2020-06-25,31.375,66.83333333333333
2003,2020-06-26,31.791666666666668,65.29166666666667
2004,2020-06-27,30.166666666666668,73.29166666666667
2005,2020-06-28,29.75,72.45833333333333
2006,2020-06-29,31.75,66.41666666666667
2007,2020-06-30,31.666666666666668,65.70833333333333
2008,2020-07-01,31.791666666666668,66.29166666666667
2009,2020-07-02,32.708333333333336,64.91666666666667
2010,2020-07-03,32.375,67.58333333333333
2011,2020-07-04,31.541666666666668,68.70833333333333
2012,2020-07-05,29.708333333333332,76.08333333333333
2013,2020-07-06,31.458333333333332,71.5
2014,2020-07-07,31.625,69.625
2015,2020-07-08,32.541666666666664,61.916666666666664
2016,2020-07-09,32.0,66.29166666666667
2017,2020-07-10,31.083333333333332,70.66666666666667
2018,2020-07-11,31.125,70.25
2019,2020-07-12,27.416666666666668,81.95833333333333
2020,2020-07-13,30.625,71.375
2021,2020-07-14,29.208333333333332,77.54166666666667
2022,2020-07-15,30.25,73.58333333333333
2023,2020-07-16,30.875,70.08333333333333
2024,2020-07-17,31.25,70.0
2025,2020-07-18,31.208333333333332,69.04166666666667
2026,2020-07-19,31.083333333333332,69.25
2027,2020-07-20,29.458333333333332,77.875
2028,2020-07-21,30.208333333333332,73.875
2029,2020-07-22,29.5,74.58333333333333
2030,2020-07-23,28.083333333333332,80.875
2031,2020-07-24,29.5,71.04166666666667
2032,2020-07-25,30.833333333333332,69.54166666666667
2033,2020-07-26,31.5,70.04166666666667
2034,2020-07-27,32.583333333333336,65.625
2035,2020-07-28,31.958333333333332,66.45833333333333
2036,2020-07-29,30.541666666666668,70.41666666666667
2037,2020-07-30,31.166666666666668,69.95833333333333
2038,2020-07-31,32.041666666666664,66.54166666666667
2039,2020-08-01,32.041666666666664,66.54166666666667
2040,2020-08-02,32.583333333333336,66.95833333333333
2041,2020-08-03,33.708333333333336,61.791666666666664
2042,2020-08-04,33.708333333333336,62.708333333333336
2043,2020-08-05,30.75,75.5
2044,2020-08-06,30.666666666666668,74.20833333333333
2045,2020-08-07,30.208333333333332,76.20833333333333
2046,2020-08-08,31.333333333333332,72.125
2047,2020-08-09,31.208333333333332,70.95833333333333
2048,2020-08-10,30.833333333333332,74.58333333333333
2049,2020-08-11,31.041666666666668,75.375
2050,2020-08-12,31.208333333333332,73.375
2051,2020-08-13,31.291666666666668,72.91666666666667
2052,2020-08-14,31.083333333333332,76.58333333333333
2053,2020-08-15,30.791666666666668,76.75
2054,2020-08-16,28.791666666666668,79.875
2055,2020-08-17,30.333333333333332,74.33333333333333
2056,2020-08-18,29.708333333333332,78.0
2057,2020-08-19,30.875,74.16666666666667
2058,2020-08-20,28.5,82.45833333333333
2059,2020-08-21,29.0,79.41666666666667
2060,2020-08-22,28.916666666666668,78.83333333333333
2061,2020-08-23,27.833333333333332,82.16666666666667
2062,2020-08-24,29.333333333333332,78.66666666666667
2063,2020-08-25,29.083333333333332,82.125
2064,2020-08-26,29.5,80.66666666666667
2065,2020-08-27,28.75,79.08333333333333
2066,2020-08-28,29.333333333333332,76.20833333333333
2067,2020-08-29,30.083333333333332,74.58333333333333
2068,2020-08-30,30.75,74.41666666666667
2069,2020-08-31,32.208333333333336,68.16666666666667
2070,2020-09-01,28.25,79.70833333333333
2071,2020-09-02,30.416666666666668,73.16666666666667
2072,2020-09-03,30.208333333333332,73.91666666666667
2073,2020-09-04,30.208333333333332,74.58333333333333
2074,2020-09-05,30.208333333333332,74.875
2075,2020-09-06,29.916666666666668,75.625
2076,2020-09-07,30.291666666666668,76.70833333333333
2077,2020-09-08,30.0,78.66666666666667
2078,2020-09-09,29.375,80.33333333333333
2079,2020-09-10,29.875,77.41666666666667
2080,2020-09-11,30.333333333333332,75.66666666666667
2081,2020-09-12,30.333333333333332,75.25
2082,2020-09-13,30.333333333333332,75.5
2083,2020-09-14,30.375,75.33333333333333
2084,2020-09-15,30.083333333333332,77.08333333333333
2085,2020-09-16,29.875,79.54166666666667
2086,2020-09-17,30.333333333333332,76.20833333333333
2087,2020-09-18,30.416666666666668,78.45833333333333
2088,2020-09-19,31.166666666666668,72.08333333333333
2089,2020-09-20,30.875,74.58333333333333
2090,2020-09-21,28.5,82.08333333333333
2091,2020-09-22,29.208333333333332,81.54166666666667
2092,2020-09-23,29.541666666666668,79.45833333333333
2093,2020-09-24,28.791666666666668,82.25
2094,2020-09-25,29.583333333333332,77.5
2095,2020-09-26,29.75,77.25
2096,2020-09-27,29.833333333333332,77.25
2097,2020-09-28,30.583333333333332,73.91666666666667
2098,2020-09-29,31.125,71.66666666666667
2099,2020-09-30,29.708333333333332,77.20833333333333
2100,2020-10-01,30.375,73.29166666666667
2101,2020-10-02,28.916666666666668,82.79166666666667
2102,2020-10-03,29.583333333333332,80.45833333333333
2103,2020-10-04,29.75,77.625
2104,2020-10-05,29.208333333333332,81.625
2105,2020-10-06,29.583333333333332,76.58333333333333
2106,2020-10-07,29.333333333333332,78.54166666666667
2107,2020-10-08,29.458333333333332,79.5
2108,2020-10-09,30.25,75.91666666666667
2109,2020-10-10,30.0,75.58333333333333
2110,2020-10-11,30.833333333333332,69.20833333333333
2111,2020-10-12,30.541666666666668,71.25
2112,2020-10-13,30.791666666666668,70.75
2113,2020-10-14,30.458333333333332,70.20833333333333
2114,2020-10-15,29.875,76.25
2115,2020-10-16,30.833333333333332,70.45833333333333
2116,2020-10-17,30.666666666666668,69.91666666666667
2117,2020-10-18,30.625,67.625
2118,2020-10-19,30.833333333333332,63.791666666666664
2119,2020-10-20,29.708333333333332,67.625
2120,2020-10-21,28.291666666666668,79.875
2121,2020-10-22,23.833333333333332,91.04166666666667
2122,2020-10-23,24.875,92.70833333333333
2123,2020-10-24,26.333333333333332,85.5
2124,2020-10-25,27.666666666666668,75.83333333333333
2125,2020-10-26,27.75,46.25
2126,2020-10-27,27.166666666666668,48.5
2127,2020-10-28,26.666666666666668,48.166666666666664
2128,2020-10-29,27.083333333333332,54.0
2129,2020-10-30,27.75,55.958333333333336
2130,2020-10-31,28.5,58.041666666666664
2131,2020-11-01,27.625,77.41666666666667
2132,2020-11-02,28.333333333333332,74.16666666666667
2133,2020-11-03,28.416666666666668,52.875
2134,2020-11-04,26.541666666666668,37.75
2135,2020-11-05,28.083333333333332,35.916666666666664
2136,2020-11-06,27.166666666666668,38.833333333333336
2137,2020-11-07,25.791666666666668,43.541666666666664
2138,2020-11-08,26.125,48.583333333333336
2139,2020-11-09,27.416666666666668,52.625
2140,2020-11-10,27.041666666666668,53.5
2141,2020-11-11,28.125,45.875
2142,2020-11-12,27.666666666666668,46.375
2143,2020-11-13,28.208333333333332,47.375
2144,2020-11-14,28.25,45.75
2145,2020-11-15,26.791666666666668,41.625
2146,2020-11-16,27.5,44.833333333333336
2147,2020-11-17,27.583333333333332,40.208333333333336
2148,2020-11-18,27.666666666666668,42.916666666666664
2149,2020-11-19,27.458333333333332,47.708333333333336
2150,2020-11-20,28.166666666666668,54.958333333333336
2151,2020-11-21,27.625,53.708333333333336
2152,2020-11-22,25.583333333333332,37.333333333333336
2153,2020-11-23,23.791666666666668,33.125
2154,2020-11-24,24.458333333333332,44.583333333333336
2155,2020-11-25,25.583333333333332,48.375
2156,2020-11-26,24.083333333333332,48.416666666666664
2157,2020-11-27,24.0,48.333333333333336
2158,2020-11-28,25.458333333333332,41.375
2159,2020-11-29,26.041666666666668,37.166666666666664
2160,2020-11-30,26.125,33.083333333333336
2161,2020-12-01,26.583333333333332,33.916666666666664
2162,2020-12-02,27.25,34.166666666666664
2163,2020-12-03,28.291666666666668,34.458333333333336
2164,2020-12-04,26.625,34.083333333333336
2165,2020-12-05,26.958333333333332,36.333333333333336
2166,2020-12-06,27.708333333333332,42.5
2167,2020-12-07,27.208333333333332,37.208333333333336
2168,2020-12-08,26.75,38.291666666666664
2169,2020-12-09,27.833333333333332,40.208333333333336
2170,2020-12-10,27.0,40.583333333333336
2171,2020-12-11,27.458333333333332,35.875
2172,2020-12-12,25.708333333333332,34.041666666666664
2173,2020-12-13,26.125,37.458333333333336
2174,2020-12-14,25.833333333333332,39.458333333333336
2175,2020-12-15,25.333333333333332,33.958333333333336
2176,2020-12-16,25.833333333333332,39.208333333333336
2177,2020-12-17,24.708333333333332,42.833333333333336
2178,2020-12-18,23.375,34.208333333333336
2179,2020-12-19,21.583333333333332,22.291666666666668
2180,2020-12-20,21.083333333333332,26.541666666666668
2181,2020-12-21,22.291666666666668,33.666666666666664
2182,2020-12-22,24.0,39.083333333333336
2183,2020-12-23,24.708333333333332,38.125
2184,2020-12-24,24.708333333333332,37.583333333333336
2185,2020-12-25,24.375,36.125
2186,2020-12-26,23.708333333333332,30.583333333333332
2187,2020-12-27,23.083333333333332,28.583333333333332
2188,2020-12-28,23.958333333333332,30.25
2189,2020-12-29,24.75,32.458333333333336
2190,2020-12-30,23.875,34.125
2191,2020-12-31,23.541666666666668,37.375
